document_id,split,document_index,condition,nll,delta_nll_to_native,impact_vs_joint_corrected,source_artifact
<urn:uuid:30b4608a-2f95-465f-91b5-0122fb0fe3bf>,LOCKED_POSTVERDICT,0,CONVOLUTION_CORRECTION_REMOVED,1.721467137336731,0.15239953994750977,-0.004523277282714844,e002_coupler/artifacts/attempt_001/diagnostics/postverdict_ablation_raw.jsonl
<urn:uuid:30b4608a-2f95-465f-91b5-0122fb0fe3bf>,LOCKED_POSTVERDICT,0,EARLY_THIRD_RECURRENT_REMOVED,1.7338805198669434,0.16481292247772217,0.007890105247497559,e002_coupler/artifacts/attempt_001/diagnostics/postverdict_ablation_raw.jsonl
<urn:uuid:30b4608a-2f95-465f-91b5-0122fb0fe3bf>,LOCKED_POSTVERDICT,0,KV_CORRECTION_REMOVED,1.743265151977539,0.17419755458831787,0.01727473735809326,e002_coupler/artifacts/attempt_001/diagnostics/postverdict_ablation_raw.jsonl
<urn:uuid:30b4608a-2f95-465f-91b5-0122fb0fe3bf>,LOCKED_POSTVERDICT,0,LATE_THIRD_RECURRENT_REMOVED,1.72566556930542,0.15659797191619873,-0.0003248453140258789,e002_coupler/artifacts/attempt_001/diagnostics/postverdict_ablation_raw.jsonl
<urn:uuid:30b4608a-2f95-465f-91b5-0122fb0fe3bf>,LOCKED_POSTVERDICT,0,MIDDLE_THIRD_RECURRENT_REMOVED,1.7250590324401855,0.15599143505096436,-0.0009313821792602539,e002_coupler/artifacts/attempt_001/diagnostics/postverdict_ablation_raw.jsonl
<urn:uuid:30b4608a-2f95-465f-91b5-0122fb0fe3bf>,LOCKED_POSTVERDICT,0,RECURRENT_CORRECTION_REMOVED,1.7317605018615723,0.16269290447235107,0.005770087242126465,e002_coupler/artifacts/attempt_001/diagnostics/postverdict_ablation_raw.jsonl
<urn:uuid:31d07da6-2f51-468e-a82d-50f74c260392>,LOCKED_POSTVERDICT,1,CONVOLUTION_CORRECTION_REMOVED,1.3675453662872314,0.15041828155517578,0.003339529037475586,e002_coupler/artifacts/attempt_001/diagnostics/postverdict_ablation_raw.jsonl
<urn:uuid:31d07da6-2f51-468e-a82d-50f74c260392>,LOCKED_POSTVERDICT,1,EARLY_THIRD_RECURRENT_REMOVED,1.3807604312896729,0.1636333465576172,0.016554594039916992,e002_coupler/artifacts/attempt_001/diagnostics/postverdict_ablation_raw.jsonl
<urn:uuid:31d07da6-2f51-468e-a82d-50f74c260392>,LOCKED_POSTVERDICT,1,KV_CORRECTION_REMOVED,1.390404224395752,0.1732771396636963,0.026198387145996094,e002_coupler/artifacts/attempt_001/diagnostics/postverdict_ablation_raw.jsonl
<urn:uuid:31d07da6-2f51-468e-a82d-50f74c260392>,LOCKED_POSTVERDICT,1,LATE_THIRD_RECURRENT_REMOVED,1.377211570739746,0.16008448600769043,0.013005733489990234,e002_coupler/artifacts/attempt_001/diagnostics/postverdict_ablation_raw.jsonl
<urn:uuid:31d07da6-2f51-468e-a82d-50f74c260392>,LOCKED_POSTVERDICT,1,MIDDLE_THIRD_RECURRENT_REMOVED,1.3936970233917236,0.17656993865966797,0.029491186141967773,e002_coupler/artifacts/attempt_001/diagnostics/postverdict_ablation_raw.jsonl
<urn:uuid:31d07da6-2f51-468e-a82d-50f74c260392>,LOCKED_POSTVERDICT,1,RECURRENT_CORRECTION_REMOVED,1.4193682670593262,0.2022411823272705,0.05516242980957031,e002_coupler/artifacts/attempt_001/diagnostics/postverdict_ablation_raw.jsonl
<urn:uuid:c931d790-d8ab-497d-b935-3dc2a01a0065>,LOCKED_POSTVERDICT,2,CONVOLUTION_CORRECTION_REMOVED,1.9300556182861328,-0.004262208938598633,-0.0008296966552734375,e002_coupler/artifacts/attempt_001/diagnostics/postverdict_ablation_raw.jsonl
<urn:uuid:c931d790-d8ab-497d-b935-3dc2a01a0065>,LOCKED_POSTVERDICT,2,EARLY_THIRD_RECURRENT_REMOVED,1.92763352394104,-0.006684303283691406,-0.003251791000366211,e002_coupler/artifacts/attempt_001/diagnostics/postverdict_ablation_raw.jsonl
<urn:uuid:c931d790-d8ab-497d-b935-3dc2a01a0065>,LOCKED_POSTVERDICT,2,KV_CORRECTION_REMOVED,1.930075764656067,-0.004242062568664551,-0.0008095502853393555,e002_coupler/artifacts/attempt_001/diagnostics/postverdict_ablation_raw.jsonl
<urn:uuid:c931d790-d8ab-497d-b935-3dc2a01a0065>,LOCKED_POSTVERDICT,2,LATE_THIRD_RECURRENT_REMOVED,1.9349021911621094,0.0005843639373779297,0.004016876220703125,e002_coupler/artifacts/attempt_001/diagnostics/postverdict_ablation_raw.jsonl
<urn:uuid:c931d790-d8ab-497d-b935-3dc2a01a0065>,LOCKED_POSTVERDICT,2,MIDDLE_THIRD_RECURRENT_REMOVED,1.9267144203186035,-0.00760340690612793,-0.004170894622802734,e002_coupler/artifacts/attempt_001/diagnostics/postverdict_ablation_raw.jsonl
<urn:uuid:c931d790-d8ab-497d-b935-3dc2a01a0065>,LOCKED_POSTVERDICT,2,RECURRENT_CORRECTION_REMOVED,1.93157160282135,-0.0027462244033813477,0.0006862878799438477,e002_coupler/artifacts/attempt_001/diagnostics/postverdict_ablation_raw.jsonl
<urn:uuid:f8949293-4f2a-41cf-925b-e11fabb81fbf>,LOCKED_POSTVERDICT,3,CONVOLUTION_CORRECTION_REMOVED,1.8303066492080688,-0.04500877857208252,0.003872513771057129,e002_coupler/artifacts/attempt_001/diagnostics/postverdict_ablation_raw.jsonl
<urn:uuid:f8949293-4f2a-41cf-925b-e11fabb81fbf>,LOCKED_POSTVERDICT,3,EARLY_THIRD_RECURRENT_REMOVED,1.8263238668441772,-0.04899156093597412,-0.00011026859283447266,e002_coupler/artifacts/attempt_001/diagnostics/postverdict_ablation_raw.jsonl
<urn:uuid:f8949293-4f2a-41cf-925b-e11fabb81fbf>,LOCKED_POSTVERDICT,3,KV_CORRECTION_REMOVED,1.84242582321167,-0.032889604568481445,0.015991687774658203,e002_coupler/artifacts/attempt_001/diagnostics/postverdict_ablation_raw.jsonl
<urn:uuid:f8949293-4f2a-41cf-925b-e11fabb81fbf>,LOCKED_POSTVERDICT,3,LATE_THIRD_RECURRENT_REMOVED,1.83085298538208,-0.04446244239807129,0.004418849945068359,e002_coupler/artifacts/attempt_001/diagnostics/postverdict_ablation_raw.jsonl
<urn:uuid:f8949293-4f2a-41cf-925b-e11fabb81fbf>,LOCKED_POSTVERDICT,3,MIDDLE_THIRD_RECURRENT_REMOVED,1.835179328918457,-0.040136098861694336,0.008745193481445312,e002_coupler/artifacts/attempt_001/diagnostics/postverdict_ablation_raw.jsonl
<urn:uuid:f8949293-4f2a-41cf-925b-e11fabb81fbf>,LOCKED_POSTVERDICT,3,RECURRENT_CORRECTION_REMOVED,1.8370356559753418,-0.03827977180480957,0.010601520538330078,e002_coupler/artifacts/attempt_001/diagnostics/postverdict_ablation_raw.jsonl
<urn:uuid:5eb64d15-2f8a-4ad0-b9e8-2a55d9d55538>,LOCKED_POSTVERDICT,4,CONVOLUTION_CORRECTION_REMOVED,2.3459949493408203,0.06726884841918945,0.0004723072052001953,e002_coupler/artifacts/attempt_001/diagnostics/postverdict_ablation_raw.jsonl
<urn:uuid:5eb64d15-2f8a-4ad0-b9e8-2a55d9d55538>,LOCKED_POSTVERDICT,4,EARLY_THIRD_RECURRENT_REMOVED,2.383788824081421,0.10506272315979004,0.03826618194580078,e002_coupler/artifacts/attempt_001/diagnostics/postverdict_ablation_raw.jsonl
<urn:uuid:5eb64d15-2f8a-4ad0-b9e8-2a55d9d55538>,LOCKED_POSTVERDICT,4,KV_CORRECTION_REMOVED,2.344365119934082,0.06563901901245117,-0.001157522201538086,e002_coupler/artifacts/attempt_001/diagnostics/postverdict_ablation_raw.jsonl
<urn:uuid:5eb64d15-2f8a-4ad0-b9e8-2a55d9d55538>,LOCKED_POSTVERDICT,4,LATE_THIRD_RECURRENT_REMOVED,2.3478336334228516,0.0691075325012207,0.0023109912872314453,e002_coupler/artifacts/attempt_001/diagnostics/postverdict_ablation_raw.jsonl
<urn:uuid:5eb64d15-2f8a-4ad0-b9e8-2a55d9d55538>,LOCKED_POSTVERDICT,4,MIDDLE_THIRD_RECURRENT_REMOVED,2.3499231338500977,0.0711970329284668,0.004400491714477539,e002_coupler/artifacts/attempt_001/diagnostics/postverdict_ablation_raw.jsonl
<urn:uuid:5eb64d15-2f8a-4ad0-b9e8-2a55d9d55538>,LOCKED_POSTVERDICT,4,RECURRENT_CORRECTION_REMOVED,2.386442184448242,0.10771608352661133,0.04091954231262207,e002_coupler/artifacts/attempt_001/diagnostics/postverdict_ablation_raw.jsonl
<urn:uuid:2af65207-5954-483b-b819-7a013f8a3bc4>,LOCKED_POSTVERDICT,5,CONVOLUTION_CORRECTION_REMOVED,1.247848391532898,0.0020254850387573242,0.0015064477920532227,e002_coupler/artifacts/attempt_001/diagnostics/postverdict_ablation_raw.jsonl
<urn:uuid:2af65207-5954-483b-b819-7a013f8a3bc4>,LOCKED_POSTVERDICT,5,EARLY_THIRD_RECURRENT_REMOVED,1.2485878467559814,0.0027649402618408203,0.0022459030151367188,e002_coupler/artifacts/attempt_001/diagnostics/postverdict_ablation_raw.jsonl
<urn:uuid:2af65207-5954-483b-b819-7a013f8a3bc4>,LOCKED_POSTVERDICT,5,KV_CORRECTION_REMOVED,1.246397852897644,0.000574946403503418,5.5909156799316406e-05,e002_coupler/artifacts/attempt_001/diagnostics/postverdict_ablation_raw.jsonl
<urn:uuid:2af65207-5954-483b-b819-7a013f8a3bc4>,LOCKED_POSTVERDICT,5,LATE_THIRD_RECURRENT_REMOVED,1.2484493255615234,0.0026264190673828125,0.002107381820678711,e002_coupler/artifacts/attempt_001/diagnostics/postverdict_ablation_raw.jsonl
<urn:uuid:2af65207-5954-483b-b819-7a013f8a3bc4>,LOCKED_POSTVERDICT,5,MIDDLE_THIRD_RECURRENT_REMOVED,1.246077060699463,0.0002541542053222656,-0.00026488304138183594,e002_coupler/artifacts/attempt_001/diagnostics/postverdict_ablation_raw.jsonl
<urn:uuid:2af65207-5954-483b-b819-7a013f8a3bc4>,LOCKED_POSTVERDICT,5,RECURRENT_CORRECTION_REMOVED,1.2473971843719482,0.0015742778778076172,0.0010552406311035156,e002_coupler/artifacts/attempt_001/diagnostics/postverdict_ablation_raw.jsonl
<urn:uuid:a834daf9-c72c-41fd-b368-3fb7f517b87b>,LOCKED_POSTVERDICT,6,CONVOLUTION_CORRECTION_REMOVED,2.2095534801483154,0.0946505069732666,-0.002595186233520508,e002_coupler/artifacts/attempt_001/diagnostics/postverdict_ablation_raw.jsonl
<urn:uuid:a834daf9-c72c-41fd-b368-3fb7f517b87b>,LOCKED_POSTVERDICT,6,EARLY_THIRD_RECURRENT_REMOVED,2.216585159301758,0.10168218612670898,0.004436492919921875,e002_coupler/artifacts/attempt_001/diagnostics/postverdict_ablation_raw.jsonl
<urn:uuid:a834daf9-c72c-41fd-b368-3fb7f517b87b>,LOCKED_POSTVERDICT,6,KV_CORRECTION_REMOVED,2.218952178955078,0.1040492057800293,0.0068035125732421875,e002_coupler/artifacts/attempt_001/diagnostics/postverdict_ablation_raw.jsonl
<urn:uuid:a834daf9-c72c-41fd-b368-3fb7f517b87b>,LOCKED_POSTVERDICT,6,LATE_THIRD_RECURRENT_REMOVED,2.2026963233947754,0.08779335021972656,-0.009452342987060547,e002_coupler/artifacts/attempt_001/diagnostics/postverdict_ablation_raw.jsonl
<urn:uuid:a834daf9-c72c-41fd-b368-3fb7f517b87b>,LOCKED_POSTVERDICT,6,MIDDLE_THIRD_RECURRENT_REMOVED,2.2411231994628906,0.1262202262878418,0.028974533081054688,e002_coupler/artifacts/attempt_001/diagnostics/postverdict_ablation_raw.jsonl
<urn:uuid:a834daf9-c72c-41fd-b368-3fb7f517b87b>,LOCKED_POSTVERDICT,6,RECURRENT_CORRECTION_REMOVED,2.265171527862549,0.1502685546875,0.05302286148071289,e002_coupler/artifacts/attempt_001/diagnostics/postverdict_ablation_raw.jsonl
<urn:uuid:59dda272-8c61-4f8b-a5b7-8420a3709910>,LOCKED_POSTVERDICT,7,CONVOLUTION_CORRECTION_REMOVED,0.5170919895172119,0.5006863959133625,0.004049360752105713,e002_coupler/artifacts/attempt_001/diagnostics/postverdict_ablation_raw.jsonl
<urn:uuid:59dda272-8c61-4f8b-a5b7-8420a3709910>,LOCKED_POSTVERDICT,7,EARLY_THIRD_RECURRENT_REMOVED,0.5536346435546875,0.5372290499508381,0.0405920147895813,e002_coupler/artifacts/attempt_001/diagnostics/postverdict_ablation_raw.jsonl
<urn:uuid:59dda272-8c61-4f8b-a5b7-8420a3709910>,LOCKED_POSTVERDICT,7,KV_CORRECTION_REMOVED,0.5136246681213379,0.4972190745174885,0.0005820393562316895,e002_coupler/artifacts/attempt_001/diagnostics/postverdict_ablation_raw.jsonl
<urn:uuid:59dda272-8c61-4f8b-a5b7-8420a3709910>,LOCKED_POSTVERDICT,7,LATE_THIRD_RECURRENT_REMOVED,0.5137630701065063,0.49735747650265694,0.0007204413414001465,e002_coupler/artifacts/attempt_001/diagnostics/postverdict_ablation_raw.jsonl
<urn:uuid:59dda272-8c61-4f8b-a5b7-8420a3709910>,LOCKED_POSTVERDICT,7,MIDDLE_THIRD_RECURRENT_REMOVED,0.5291327238082886,0.5127271302044392,0.016090095043182373,e002_coupler/artifacts/attempt_001/diagnostics/postverdict_ablation_raw.jsonl
<urn:uuid:59dda272-8c61-4f8b-a5b7-8420a3709910>,LOCKED_POSTVERDICT,7,RECURRENT_CORRECTION_REMOVED,0.566206693649292,0.5498011000454426,0.05316406488418579,e002_coupler/artifacts/attempt_001/diagnostics/postverdict_ablation_raw.jsonl
<urn:uuid:1dab8670-349f-491c-b65b-b3093786c567>,LOCKED_POSTVERDICT,8,CONVOLUTION_CORRECTION_REMOVED,3.0476741790771484,0.11379528045654297,0.005093574523925781,e002_coupler/artifacts/attempt_001/diagnostics/postverdict_ablation_raw.jsonl
<urn:uuid:1dab8670-349f-491c-b65b-b3093786c567>,LOCKED_POSTVERDICT,8,EARLY_THIRD_RECURRENT_REMOVED,3.0540738105773926,0.12019491195678711,0.011493206024169922,e002_coupler/artifacts/attempt_001/diagnostics/postverdict_ablation_raw.jsonl
<urn:uuid:1dab8670-349f-491c-b65b-b3093786c567>,LOCKED_POSTVERDICT,8,KV_CORRECTION_REMOVED,3.050971031188965,0.11709213256835938,0.008390426635742188,e002_coupler/artifacts/attempt_001/diagnostics/postverdict_ablation_raw.jsonl
<urn:uuid:1dab8670-349f-491c-b65b-b3093786c567>,LOCKED_POSTVERDICT,8,LATE_THIRD_RECURRENT_REMOVED,3.032266855239868,0.0983879566192627,-0.010313749313354492,e002_coupler/artifacts/attempt_001/diagnostics/postverdict_ablation_raw.jsonl
<urn:uuid:1dab8670-349f-491c-b65b-b3093786c567>,LOCKED_POSTVERDICT,8,MIDDLE_THIRD_RECURRENT_REMOVED,3.04364275932312,0.10976386070251465,0.001062154769897461,e002_coupler/artifacts/attempt_001/diagnostics/postverdict_ablation_raw.jsonl
<urn:uuid:1dab8670-349f-491c-b65b-b3093786c567>,LOCKED_POSTVERDICT,8,RECURRENT_CORRECTION_REMOVED,3.0375587940216064,0.10367989540100098,-0.005021810531616211,e002_coupler/artifacts/attempt_001/diagnostics/postverdict_ablation_raw.jsonl
<urn:uuid:7217b903-e641-4a95-a6a1-03fdd11146d4>,LOCKED_POSTVERDICT,9,CONVOLUTION_CORRECTION_REMOVED,0.9340888261795044,0.055126845836639404,-0.0016629695892333984,e002_coupler/artifacts/attempt_001/diagnostics/postverdict_ablation_raw.jsonl
<urn:uuid:7217b903-e641-4a95-a6a1-03fdd11146d4>,LOCKED_POSTVERDICT,9,EARLY_THIRD_RECURRENT_REMOVED,0.9368661642074585,0.057904183864593506,0.0011143684387207031,e002_coupler/artifacts/attempt_001/diagnostics/postverdict_ablation_raw.jsonl
<urn:uuid:7217b903-e641-4a95-a6a1-03fdd11146d4>,LOCKED_POSTVERDICT,9,KV_CORRECTION_REMOVED,0.9441748857498169,0.0652129054069519,0.008423089981079102,e002_coupler/artifacts/attempt_001/diagnostics/postverdict_ablation_raw.jsonl
<urn:uuid:7217b903-e641-4a95-a6a1-03fdd11146d4>,LOCKED_POSTVERDICT,9,LATE_THIRD_RECURRENT_REMOVED,0.9332118630409241,0.05424988269805908,-0.0025399327278137207,e002_coupler/artifacts/attempt_001/diagnostics/postverdict_ablation_raw.jsonl
<urn:uuid:7217b903-e641-4a95-a6a1-03fdd11146d4>,LOCKED_POSTVERDICT,9,MIDDLE_THIRD_RECURRENT_REMOVED,0.9398121237754822,0.06085014343261719,0.004060328006744385,e002_coupler/artifacts/attempt_001/diagnostics/postverdict_ablation_raw.jsonl
<urn:uuid:7217b903-e641-4a95-a6a1-03fdd11146d4>,LOCKED_POSTVERDICT,9,RECURRENT_CORRECTION_REMOVED,0.9366186261177063,0.05765664577484131,0.0008668303489685059,e002_coupler/artifacts/attempt_001/diagnostics/postverdict_ablation_raw.jsonl
<urn:uuid:8df6c5a5-1be5-468e-90d3-82275e49cd7c>,LOCKED_POSTVERDICT,10,CONVOLUTION_CORRECTION_REMOVED,1.9367763996124268,0.08653831481933594,-0.007152557373046875,e002_coupler/artifacts/attempt_001/diagnostics/postverdict_ablation_raw.jsonl
<urn:uuid:8df6c5a5-1be5-468e-90d3-82275e49cd7c>,LOCKED_POSTVERDICT,10,EARLY_THIRD_RECURRENT_REMOVED,1.9563179016113281,0.1060798168182373,0.012388944625854492,e002_coupler/artifacts/attempt_001/diagnostics/postverdict_ablation_raw.jsonl
<urn:uuid:8df6c5a5-1be5-468e-90d3-82275e49cd7c>,LOCKED_POSTVERDICT,10,KV_CORRECTION_REMOVED,1.9472882747650146,0.09705018997192383,0.0033593177795410156,e002_coupler/artifacts/attempt_001/diagnostics/postverdict_ablation_raw.jsonl
<urn:uuid:8df6c5a5-1be5-468e-90d3-82275e49cd7c>,LOCKED_POSTVERDICT,10,LATE_THIRD_RECURRENT_REMOVED,1.9384655952453613,0.08822751045227051,-0.005463361740112305,e002_coupler/artifacts/attempt_001/diagnostics/postverdict_ablation_raw.jsonl
<urn:uuid:8df6c5a5-1be5-468e-90d3-82275e49cd7c>,LOCKED_POSTVERDICT,10,MIDDLE_THIRD_RECURRENT_REMOVED,1.9600272178649902,0.10978913307189941,0.0160982608795166,e002_coupler/artifacts/attempt_001/diagnostics/postverdict_ablation_raw.jsonl
<urn:uuid:8df6c5a5-1be5-468e-90d3-82275e49cd7c>,LOCKED_POSTVERDICT,10,RECURRENT_CORRECTION_REMOVED,1.969459891319275,0.11922180652618408,0.02553093433380127,e002_coupler/artifacts/attempt_001/diagnostics/postverdict_ablation_raw.jsonl
<urn:uuid:f874613a-d604-45ee-aae2-219f86ad3d09>,LOCKED_POSTVERDICT,11,CONVOLUTION_CORRECTION_REMOVED,3.7299423217773438,0.0379335880279541,0.0026547908782958984,e002_coupler/artifacts/attempt_001/diagnostics/postverdict_ablation_raw.jsonl
<urn:uuid:f874613a-d604-45ee-aae2-219f86ad3d09>,LOCKED_POSTVERDICT,11,EARLY_THIRD_RECURRENT_REMOVED,3.7399325370788574,0.04792380332946777,0.01264500617980957,e002_coupler/artifacts/attempt_001/diagnostics/postverdict_ablation_raw.jsonl
<urn:uuid:f874613a-d604-45ee-aae2-219f86ad3d09>,LOCKED_POSTVERDICT,11,KV_CORRECTION_REMOVED,3.7333788871765137,0.04137015342712402,0.00609135627746582,e002_coupler/artifacts/attempt_001/diagnostics/postverdict_ablation_raw.jsonl
<urn:uuid:f874613a-d604-45ee-aae2-219f86ad3d09>,LOCKED_POSTVERDICT,11,LATE_THIRD_RECURRENT_REMOVED,3.7370355129241943,0.04502677917480469,0.009747982025146484,e002_coupler/artifacts/attempt_001/diagnostics/postverdict_ablation_raw.jsonl
<urn:uuid:f874613a-d604-45ee-aae2-219f86ad3d09>,LOCKED_POSTVERDICT,11,MIDDLE_THIRD_RECURRENT_REMOVED,3.733186721801758,0.041177988052368164,0.005899190902709961,e002_coupler/artifacts/attempt_001/diagnostics/postverdict_ablation_raw.jsonl
<urn:uuid:f874613a-d604-45ee-aae2-219f86ad3d09>,LOCKED_POSTVERDICT,11,RECURRENT_CORRECTION_REMOVED,3.7554848194122314,0.0634760856628418,0.028197288513183594,e002_coupler/artifacts/attempt_001/diagnostics/postverdict_ablation_raw.jsonl
<urn:uuid:495445c1-812a-41d9-a8e4-0199e09d0eff>,LOCKED_POSTVERDICT,12,CONVOLUTION_CORRECTION_REMOVED,2.056682825088501,0.21034002304077148,-0.005727052688598633,e002_coupler/artifacts/attempt_001/diagnostics/postverdict_ablation_raw.jsonl
<urn:uuid:495445c1-812a-41d9-a8e4-0199e09d0eff>,LOCKED_POSTVERDICT,12,EARLY_THIRD_RECURRENT_REMOVED,2.0821633338928223,0.23582053184509277,0.019753456115722656,e002_coupler/artifacts/attempt_001/diagnostics/postverdict_ablation_raw.jsonl
<urn:uuid:495445c1-812a-41d9-a8e4-0199e09d0eff>,LOCKED_POSTVERDICT,12,KV_CORRECTION_REMOVED,2.1144537925720215,0.268110990524292,0.052043914794921875,e002_coupler/artifacts/attempt_001/diagnostics/postverdict_ablation_raw.jsonl
<urn:uuid:495445c1-812a-41d9-a8e4-0199e09d0eff>,LOCKED_POSTVERDICT,12,LATE_THIRD_RECURRENT_REMOVED,2.056859016418457,0.21051621437072754,-0.005550861358642578,e002_coupler/artifacts/attempt_001/diagnostics/postverdict_ablation_raw.jsonl
<urn:uuid:495445c1-812a-41d9-a8e4-0199e09d0eff>,LOCKED_POSTVERDICT,12,MIDDLE_THIRD_RECURRENT_REMOVED,2.0833663940429688,0.23702359199523926,0.02095651626586914,e002_coupler/artifacts/attempt_001/diagnostics/postverdict_ablation_raw.jsonl
<urn:uuid:495445c1-812a-41d9-a8e4-0199e09d0eff>,LOCKED_POSTVERDICT,12,RECURRENT_CORRECTION_REMOVED,2.1120409965515137,0.2656981945037842,0.04963111877441406,e002_coupler/artifacts/attempt_001/diagnostics/postverdict_ablation_raw.jsonl
<urn:uuid:8bf6870c-653a-4c45-9b17-7d975606194d>,LOCKED_POSTVERDICT,13,CONVOLUTION_CORRECTION_REMOVED,2.6287505626678467,-0.03426051139831543,-0.0004565715789794922,e002_coupler/artifacts/attempt_001/diagnostics/postverdict_ablation_raw.jsonl
<urn:uuid:8bf6870c-653a-4c45-9b17-7d975606194d>,LOCKED_POSTVERDICT,13,EARLY_THIRD_RECURRENT_REMOVED,2.619475841522217,-0.04353523254394531,-0.009731292724609375,e002_coupler/artifacts/attempt_001/diagnostics/postverdict_ablation_raw.jsonl
<urn:uuid:8bf6870c-653a-4c45-9b17-7d975606194d>,LOCKED_POSTVERDICT,13,KV_CORRECTION_REMOVED,2.6096787452697754,-0.05333232879638672,-0.01952838897705078,e002_coupler/artifacts/attempt_001/diagnostics/postverdict_ablation_raw.jsonl
<urn:uuid:8bf6870c-653a-4c45-9b17-7d975606194d>,LOCKED_POSTVERDICT,13,LATE_THIRD_RECURRENT_REMOVED,2.623278856277466,-0.03973221778869629,-0.0059282779693603516,e002_coupler/artifacts/attempt_001/diagnostics/postverdict_ablation_raw.jsonl
<urn:uuid:8bf6870c-653a-4c45-9b17-7d975606194d>,LOCKED_POSTVERDICT,13,MIDDLE_THIRD_RECURRENT_REMOVED,2.61873722076416,-0.04427385330200195,-0.010469913482666016,e002_coupler/artifacts/attempt_001/diagnostics/postverdict_ablation_raw.jsonl
<urn:uuid:8bf6870c-653a-4c45-9b17-7d975606194d>,LOCKED_POSTVERDICT,13,RECURRENT_CORRECTION_REMOVED,2.6122565269470215,-0.050754547119140625,-0.016950607299804688,e002_coupler/artifacts/attempt_001/diagnostics/postverdict_ablation_raw.jsonl
<urn:uuid:9a7ac72e-4fd3-4e53-92c6-94fb0a0c562d>,LOCKED_POSTVERDICT,14,CONVOLUTION_CORRECTION_REMOVED,2.2596874237060547,0.13013482093811035,0.002113819122314453,e002_coupler/artifacts/attempt_001/diagnostics/postverdict_ablation_raw.jsonl
<urn:uuid:9a7ac72e-4fd3-4e53-92c6-94fb0a0c562d>,LOCKED_POSTVERDICT,14,EARLY_THIRD_RECURRENT_REMOVED,2.2734622955322266,0.14390969276428223,0.015888690948486328,e002_coupler/artifacts/attempt_001/diagnostics/postverdict_ablation_raw.jsonl
<urn:uuid:9a7ac72e-4fd3-4e53-92c6-94fb0a0c562d>,LOCKED_POSTVERDICT,14,KV_CORRECTION_REMOVED,2.2546534538269043,0.12510085105895996,-0.0029201507568359375,e002_coupler/artifacts/attempt_001/diagnostics/postverdict_ablation_raw.jsonl
<urn:uuid:9a7ac72e-4fd3-4e53-92c6-94fb0a0c562d>,LOCKED_POSTVERDICT,14,LATE_THIRD_RECURRENT_REMOVED,2.255791664123535,0.12623906135559082,-0.0017819404602050781,e002_coupler/artifacts/attempt_001/diagnostics/postverdict_ablation_raw.jsonl
<urn:uuid:9a7ac72e-4fd3-4e53-92c6-94fb0a0c562d>,LOCKED_POSTVERDICT,14,MIDDLE_THIRD_RECURRENT_REMOVED,2.2650306224823,0.13547801971435547,0.00745701789855957,e002_coupler/artifacts/attempt_001/diagnostics/postverdict_ablation_raw.jsonl
<urn:uuid:9a7ac72e-4fd3-4e53-92c6-94fb0a0c562d>,LOCKED_POSTVERDICT,14,RECURRENT_CORRECTION_REMOVED,2.2760515213012695,0.1464989185333252,0.018477916717529297,e002_coupler/artifacts/attempt_001/diagnostics/postverdict_ablation_raw.jsonl
<urn:uuid:01d1ea5c-e33a-455c-adc8-6f576f3808de>,LOCKED_POSTVERDICT,15,CONVOLUTION_CORRECTION_REMOVED,2.3301591873168945,0.005326509475708008,-0.00033402442932128906,e002_coupler/artifacts/attempt_001/diagnostics/postverdict_ablation_raw.jsonl
<urn:uuid:01d1ea5c-e33a-455c-adc8-6f576f3808de>,LOCKED_POSTVERDICT,15,EARLY_THIRD_RECURRENT_REMOVED,2.330821990966797,0.0059893131256103516,0.0003287792205810547,e002_coupler/artifacts/attempt_001/diagnostics/postverdict_ablation_raw.jsonl
<urn:uuid:01d1ea5c-e33a-455c-adc8-6f576f3808de>,LOCKED_POSTVERDICT,15,KV_CORRECTION_REMOVED,2.3379807472229004,0.013148069381713867,0.00748753547668457,e002_coupler/artifacts/attempt_001/diagnostics/postverdict_ablation_raw.jsonl
<urn:uuid:01d1ea5c-e33a-455c-adc8-6f576f3808de>,LOCKED_POSTVERDICT,15,LATE_THIRD_RECURRENT_REMOVED,2.335676431655884,0.010843753814697266,0.005183219909667969,e002_coupler/artifacts/attempt_001/diagnostics/postverdict_ablation_raw.jsonl
<urn:uuid:01d1ea5c-e33a-455c-adc8-6f576f3808de>,LOCKED_POSTVERDICT,15,MIDDLE_THIRD_RECURRENT_REMOVED,2.343873977661133,0.01904129981994629,0.013380765914916992,e002_coupler/artifacts/attempt_001/diagnostics/postverdict_ablation_raw.jsonl
<urn:uuid:01d1ea5c-e33a-455c-adc8-6f576f3808de>,LOCKED_POSTVERDICT,15,RECURRENT_CORRECTION_REMOVED,2.335996389389038,0.011163711547851562,0.005503177642822266,e002_coupler/artifacts/attempt_001/diagnostics/postverdict_ablation_raw.jsonl
<urn:uuid:d35fce55-a0fc-4d1a-81d4-d0027a5b7f7d>,LOCKED_POSTVERDICT,16,CONVOLUTION_CORRECTION_REMOVED,2.579406261444092,0.08081340789794922,-0.0013594627380371094,e002_coupler/artifacts/attempt_001/diagnostics/postverdict_ablation_raw.jsonl
<urn:uuid:d35fce55-a0fc-4d1a-81d4-d0027a5b7f7d>,LOCKED_POSTVERDICT,16,EARLY_THIRD_RECURRENT_REMOVED,2.576693058013916,0.07810020446777344,-0.004072666168212891,e002_coupler/artifacts/attempt_001/diagnostics/postverdict_ablation_raw.jsonl
<urn:uuid:d35fce55-a0fc-4d1a-81d4-d0027a5b7f7d>,LOCKED_POSTVERDICT,16,KV_CORRECTION_REMOVED,2.5914688110351562,0.09287595748901367,0.010703086853027344,e002_coupler/artifacts/attempt_001/diagnostics/postverdict_ablation_raw.jsonl
<urn:uuid:d35fce55-a0fc-4d1a-81d4-d0027a5b7f7d>,LOCKED_POSTVERDICT,16,LATE_THIRD_RECURRENT_REMOVED,2.580350637435913,0.08175778388977051,-0.0004150867462158203,e002_coupler/artifacts/attempt_001/diagnostics/postverdict_ablation_raw.jsonl
<urn:uuid:d35fce55-a0fc-4d1a-81d4-d0027a5b7f7d>,LOCKED_POSTVERDICT,16,MIDDLE_THIRD_RECURRENT_REMOVED,2.610459566116333,0.11186671257019043,0.0296938419342041,e002_coupler/artifacts/attempt_001/diagnostics/postverdict_ablation_raw.jsonl
<urn:uuid:d35fce55-a0fc-4d1a-81d4-d0027a5b7f7d>,LOCKED_POSTVERDICT,16,RECURRENT_CORRECTION_REMOVED,2.6080331802368164,0.10944032669067383,0.0272674560546875,e002_coupler/artifacts/attempt_001/diagnostics/postverdict_ablation_raw.jsonl
<urn:uuid:b9bc2c2f-64c0-451c-b86c-30c5bac5fbcb>,LOCKED_POSTVERDICT,17,CONVOLUTION_CORRECTION_REMOVED,2.739912509918213,0.09571170806884766,0.0027353763580322266,e002_coupler/artifacts/attempt_001/diagnostics/postverdict_ablation_raw.jsonl
<urn:uuid:b9bc2c2f-64c0-451c-b86c-30c5bac5fbcb>,LOCKED_POSTVERDICT,17,EARLY_THIRD_RECURRENT_REMOVED,2.7411980628967285,0.09699726104736328,0.0040209293365478516,e002_coupler/artifacts/attempt_001/diagnostics/postverdict_ablation_raw.jsonl
<urn:uuid:b9bc2c2f-64c0-451c-b86c-30c5bac5fbcb>,LOCKED_POSTVERDICT,17,KV_CORRECTION_REMOVED,2.7392983436584473,0.09509754180908203,0.0021212100982666016,e002_coupler/artifacts/attempt_001/diagnostics/postverdict_ablation_raw.jsonl
<urn:uuid:b9bc2c2f-64c0-451c-b86c-30c5bac5fbcb>,LOCKED_POSTVERDICT,17,LATE_THIRD_RECURRENT_REMOVED,2.7420830726623535,0.09788227081298828,0.0049059391021728516,e002_coupler/artifacts/attempt_001/diagnostics/postverdict_ablation_raw.jsonl
<urn:uuid:b9bc2c2f-64c0-451c-b86c-30c5bac5fbcb>,LOCKED_POSTVERDICT,17,MIDDLE_THIRD_RECURRENT_REMOVED,2.7528343200683594,0.10863351821899414,0.01565718650817871,e002_coupler/artifacts/attempt_001/diagnostics/postverdict_ablation_raw.jsonl
<urn:uuid:b9bc2c2f-64c0-451c-b86c-30c5bac5fbcb>,LOCKED_POSTVERDICT,17,RECURRENT_CORRECTION_REMOVED,2.763723134994507,0.1195223331451416,0.026546001434326172,e002_coupler/artifacts/attempt_001/diagnostics/postverdict_ablation_raw.jsonl
<urn:uuid:ff63d426-7d8b-4079-9002-ee4abf0d026c>,LOCKED_POSTVERDICT,18,CONVOLUTION_CORRECTION_REMOVED,1.6647279262542725,0.029696345329284668,0.0002961158752441406,e002_coupler/artifacts/attempt_001/diagnostics/postverdict_ablation_raw.jsonl
<urn:uuid:ff63d426-7d8b-4079-9002-ee4abf0d026c>,LOCKED_POSTVERDICT,18,EARLY_THIRD_RECURRENT_REMOVED,1.6716282367706299,0.03659665584564209,0.0071964263916015625,e002_coupler/artifacts/attempt_001/diagnostics/postverdict_ablation_raw.jsonl
<urn:uuid:ff63d426-7d8b-4079-9002-ee4abf0d026c>,LOCKED_POSTVERDICT,18,KV_CORRECTION_REMOVED,1.6947276592254639,0.059696078300476074,0.030295848846435547,e002_coupler/artifacts/attempt_001/diagnostics/postverdict_ablation_raw.jsonl
<urn:uuid:ff63d426-7d8b-4079-9002-ee4abf0d026c>,LOCKED_POSTVERDICT,18,LATE_THIRD_RECURRENT_REMOVED,1.6775977611541748,0.04256618022918701,0.013165950775146484,e002_coupler/artifacts/attempt_001/diagnostics/postverdict_ablation_raw.jsonl
<urn:uuid:ff63d426-7d8b-4079-9002-ee4abf0d026c>,LOCKED_POSTVERDICT,18,MIDDLE_THIRD_RECURRENT_REMOVED,1.6808979511260986,0.04586637020111084,0.016466140747070312,e002_coupler/artifacts/attempt_001/diagnostics/postverdict_ablation_raw.jsonl
<urn:uuid:ff63d426-7d8b-4079-9002-ee4abf0d026c>,LOCKED_POSTVERDICT,18,RECURRENT_CORRECTION_REMOVED,1.6843277215957642,0.04929614067077637,0.01989591121673584,e002_coupler/artifacts/attempt_001/diagnostics/postverdict_ablation_raw.jsonl
<urn:uuid:86a1b76e-8211-4c4a-a2b0-ea5e375aba44>,LOCKED_POSTVERDICT,19,CONVOLUTION_CORRECTION_REMOVED,1.7325469255447388,0.0964350700378418,0.005570411682128906,e002_coupler/artifacts/attempt_001/diagnostics/postverdict_ablation_raw.jsonl
<urn:uuid:86a1b76e-8211-4c4a-a2b0-ea5e375aba44>,LOCKED_POSTVERDICT,19,EARLY_THIRD_RECURRENT_REMOVED,1.750206708908081,0.11409485340118408,0.02323019504547119,e002_coupler/artifacts/attempt_001/diagnostics/postverdict_ablation_raw.jsonl
<urn:uuid:86a1b76e-8211-4c4a-a2b0-ea5e375aba44>,LOCKED_POSTVERDICT,19,KV_CORRECTION_REMOVED,1.7484146356582642,0.11230278015136719,0.021438121795654297,e002_coupler/artifacts/attempt_001/diagnostics/postverdict_ablation_raw.jsonl
<urn:uuid:86a1b76e-8211-4c4a-a2b0-ea5e375aba44>,LOCKED_POSTVERDICT,19,LATE_THIRD_RECURRENT_REMOVED,1.7351303100585938,0.09901845455169678,0.008153796195983887,e002_coupler/artifacts/attempt_001/diagnostics/postverdict_ablation_raw.jsonl
<urn:uuid:86a1b76e-8211-4c4a-a2b0-ea5e375aba44>,LOCKED_POSTVERDICT,19,MIDDLE_THIRD_RECURRENT_REMOVED,1.752885103225708,0.11677324771881104,0.025908589363098145,e002_coupler/artifacts/attempt_001/diagnostics/postverdict_ablation_raw.jsonl
<urn:uuid:86a1b76e-8211-4c4a-a2b0-ea5e375aba44>,LOCKED_POSTVERDICT,19,RECURRENT_CORRECTION_REMOVED,1.7704832553863525,0.13437139987945557,0.043506741523742676,e002_coupler/artifacts/attempt_001/diagnostics/postverdict_ablation_raw.jsonl
<urn:uuid:6be50d43-5850-4caf-8d6c-e91b2ddd86cf>,LOCKED_POSTVERDICT,20,CONVOLUTION_CORRECTION_REMOVED,1.9271875619888306,0.024938225746154785,0.008619427680969238,e002_coupler/artifacts/attempt_001/diagnostics/postverdict_ablation_raw.jsonl
<urn:uuid:6be50d43-5850-4caf-8d6c-e91b2ddd86cf>,LOCKED_POSTVERDICT,20,EARLY_THIRD_RECURRENT_REMOVED,1.9170137643814087,0.01476442813873291,-0.0015543699264526367,e002_coupler/artifacts/attempt_001/diagnostics/postverdict_ablation_raw.jsonl
<urn:uuid:6be50d43-5850-4caf-8d6c-e91b2ddd86cf>,LOCKED_POSTVERDICT,20,KV_CORRECTION_REMOVED,1.9187906980514526,0.016541361808776855,0.0002225637435913086,e002_coupler/artifacts/attempt_001/diagnostics/postverdict_ablation_raw.jsonl
<urn:uuid:6be50d43-5850-4caf-8d6c-e91b2ddd86cf>,LOCKED_POSTVERDICT,20,LATE_THIRD_RECURRENT_REMOVED,1.9241353273391724,0.021885991096496582,0.005567193031311035,e002_coupler/artifacts/attempt_001/diagnostics/postverdict_ablation_raw.jsonl
<urn:uuid:6be50d43-5850-4caf-8d6c-e91b2ddd86cf>,LOCKED_POSTVERDICT,20,MIDDLE_THIRD_RECURRENT_REMOVED,1.9312593936920166,0.02901005744934082,0.012691259384155273,e002_coupler/artifacts/attempt_001/diagnostics/postverdict_ablation_raw.jsonl
<urn:uuid:6be50d43-5850-4caf-8d6c-e91b2ddd86cf>,LOCKED_POSTVERDICT,20,RECURRENT_CORRECTION_REMOVED,1.9230468273162842,0.0207974910736084,0.0044786930084228516,e002_coupler/artifacts/attempt_001/diagnostics/postverdict_ablation_raw.jsonl
<urn:uuid:d14ada0a-e5ff-491e-8d2e-789360e82101>,LOCKED_POSTVERDICT,21,CONVOLUTION_CORRECTION_REMOVED,0.6604599952697754,0.21212399005889893,-0.006309807300567627,e002_coupler/artifacts/attempt_001/diagnostics/postverdict_ablation_raw.jsonl
<urn:uuid:d14ada0a-e5ff-491e-8d2e-789360e82101>,LOCKED_POSTVERDICT,21,EARLY_THIRD_RECURRENT_REMOVED,0.6659910678863525,0.21765506267547607,-0.0007787346839904785,e002_coupler/artifacts/attempt_001/diagnostics/postverdict_ablation_raw.jsonl
<urn:uuid:d14ada0a-e5ff-491e-8d2e-789360e82101>,LOCKED_POSTVERDICT,21,KV_CORRECTION_REMOVED,0.6779102087020874,0.22957420349121094,0.011140406131744385,e002_coupler/artifacts/attempt_001/diagnostics/postverdict_ablation_raw.jsonl
<urn:uuid:d14ada0a-e5ff-491e-8d2e-789360e82101>,LOCKED_POSTVERDICT,21,LATE_THIRD_RECURRENT_REMOVED,0.6705085635185242,0.2221725583076477,0.0037387609481811523,e002_coupler/artifacts/attempt_001/diagnostics/postverdict_ablation_raw.jsonl
<urn:uuid:d14ada0a-e5ff-491e-8d2e-789360e82101>,LOCKED_POSTVERDICT,21,MIDDLE_THIRD_RECURRENT_REMOVED,0.6804966330528259,0.23216062784194946,0.01372683048248291,e002_coupler/artifacts/attempt_001/diagnostics/postverdict_ablation_raw.jsonl
<urn:uuid:d14ada0a-e5ff-491e-8d2e-789360e82101>,LOCKED_POSTVERDICT,21,RECURRENT_CORRECTION_REMOVED,0.6952621936798096,0.2469261884689331,0.028492391109466553,e002_coupler/artifacts/attempt_001/diagnostics/postverdict_ablation_raw.jsonl
<urn:uuid:3d5b468f-97a8-4001-b578-8731c36964d2>,LOCKED_POSTVERDICT,22,CONVOLUTION_CORRECTION_REMOVED,2.067905902862549,0.22680187225341797,0.0008199214935302734,e002_coupler/artifacts/attempt_001/diagnostics/postverdict_ablation_raw.jsonl
<urn:uuid:3d5b468f-97a8-4001-b578-8731c36964d2>,LOCKED_POSTVERDICT,22,EARLY_THIRD_RECURRENT_REMOVED,2.0718698501586914,0.23076581954956055,0.0047838687896728516,e002_coupler/artifacts/attempt_001/diagnostics/postverdict_ablation_raw.jsonl
<urn:uuid:3d5b468f-97a8-4001-b578-8731c36964d2>,LOCKED_POSTVERDICT,22,KV_CORRECTION_REMOVED,2.0730443000793457,0.23194026947021484,0.0059583187103271484,e002_coupler/artifacts/attempt_001/diagnostics/postverdict_ablation_raw.jsonl
<urn:uuid:3d5b468f-97a8-4001-b578-8731c36964d2>,LOCKED_POSTVERDICT,22,LATE_THIRD_RECURRENT_REMOVED,2.0714123249053955,0.23030829429626465,0.004326343536376953,e002_coupler/artifacts/attempt_001/diagnostics/postverdict_ablation_raw.jsonl
<urn:uuid:3d5b468f-97a8-4001-b578-8731c36964d2>,LOCKED_POSTVERDICT,22,MIDDLE_THIRD_RECURRENT_REMOVED,2.0888030529022217,0.24769902229309082,0.021717071533203125,e002_coupler/artifacts/attempt_001/diagnostics/postverdict_ablation_raw.jsonl
<urn:uuid:3d5b468f-97a8-4001-b578-8731c36964d2>,LOCKED_POSTVERDICT,22,RECURRENT_CORRECTION_REMOVED,2.103646755218506,0.262542724609375,0.036560773849487305,e002_coupler/artifacts/attempt_001/diagnostics/postverdict_ablation_raw.jsonl
<urn:uuid:2a0a5929-83b9-40a0-b9b0-c10bc90d9e95>,LOCKED_POSTVERDICT,23,CONVOLUTION_CORRECTION_REMOVED,2.496641159057617,0.05414628982543945,0.0037119388580322266,e002_coupler/artifacts/attempt_001/diagnostics/postverdict_ablation_raw.jsonl
<urn:uuid:2a0a5929-83b9-40a0-b9b0-c10bc90d9e95>,LOCKED_POSTVERDICT,23,EARLY_THIRD_RECURRENT_REMOVED,2.4855356216430664,0.04304075241088867,-0.007393598556518555,e002_coupler/artifacts/attempt_001/diagnostics/postverdict_ablation_raw.jsonl
<urn:uuid:2a0a5929-83b9-40a0-b9b0-c10bc90d9e95>,LOCKED_POSTVERDICT,23,KV_CORRECTION_REMOVED,2.48881196975708,0.046317100524902344,-0.004117250442504883,e002_coupler/artifacts/attempt_001/diagnostics/postverdict_ablation_raw.jsonl
<urn:uuid:2a0a5929-83b9-40a0-b9b0-c10bc90d9e95>,LOCKED_POSTVERDICT,23,LATE_THIRD_RECURRENT_REMOVED,2.49554181098938,0.05304694175720215,0.002612590789794922,e002_coupler/artifacts/attempt_001/diagnostics/postverdict_ablation_raw.jsonl
<urn:uuid:2a0a5929-83b9-40a0-b9b0-c10bc90d9e95>,LOCKED_POSTVERDICT,23,MIDDLE_THIRD_RECURRENT_REMOVED,2.5064187049865723,0.06392383575439453,0.013489484786987305,e002_coupler/artifacts/attempt_001/diagnostics/postverdict_ablation_raw.jsonl
<urn:uuid:2a0a5929-83b9-40a0-b9b0-c10bc90d9e95>,LOCKED_POSTVERDICT,23,RECURRENT_CORRECTION_REMOVED,2.516265392303467,0.07377052307128906,0.023336172103881836,e002_coupler/artifacts/attempt_001/diagnostics/postverdict_ablation_raw.jsonl
<urn:uuid:d6594ff6-267f-4d13-aa68-b15f59224a97>,LOCKED_POSTVERDICT,24,CONVOLUTION_CORRECTION_REMOVED,1.4946460723876953,0.15562224388122559,0.000510096549987793,e002_coupler/artifacts/attempt_001/diagnostics/postverdict_ablation_raw.jsonl
<urn:uuid:d6594ff6-267f-4d13-aa68-b15f59224a97>,LOCKED_POSTVERDICT,24,EARLY_THIRD_RECURRENT_REMOVED,1.498547077178955,0.15952324867248535,0.004411101341247559,e002_coupler/artifacts/attempt_001/diagnostics/postverdict_ablation_raw.jsonl
<urn:uuid:d6594ff6-267f-4d13-aa68-b15f59224a97>,LOCKED_POSTVERDICT,24,KV_CORRECTION_REMOVED,1.5089588165283203,0.16993498802185059,0.014822840690612793,e002_coupler/artifacts/attempt_001/diagnostics/postverdict_ablation_raw.jsonl
<urn:uuid:d6594ff6-267f-4d13-aa68-b15f59224a97>,LOCKED_POSTVERDICT,24,LATE_THIRD_RECURRENT_REMOVED,1.4986670017242432,0.15964317321777344,0.0045310258865356445,e002_coupler/artifacts/attempt_001/diagnostics/postverdict_ablation_raw.jsonl
<urn:uuid:d6594ff6-267f-4d13-aa68-b15f59224a97>,LOCKED_POSTVERDICT,24,MIDDLE_THIRD_RECURRENT_REMOVED,1.5246951580047607,0.18567132949829102,0.030559182167053223,e002_coupler/artifacts/attempt_001/diagnostics/postverdict_ablation_raw.jsonl
<urn:uuid:d6594ff6-267f-4d13-aa68-b15f59224a97>,LOCKED_POSTVERDICT,24,RECURRENT_CORRECTION_REMOVED,1.5294780731201172,0.19045424461364746,0.03534209728240967,e002_coupler/artifacts/attempt_001/diagnostics/postverdict_ablation_raw.jsonl
<urn:uuid:b744ab28-011c-4b02-af14-40817834f041>,LOCKED_POSTVERDICT,25,CONVOLUTION_CORRECTION_REMOVED,2.269775390625,0.0420079231262207,-0.004992961883544922,e002_coupler/artifacts/attempt_001/diagnostics/postverdict_ablation_raw.jsonl
<urn:uuid:b744ab28-011c-4b02-af14-40817834f041>,LOCKED_POSTVERDICT,25,EARLY_THIRD_RECURRENT_REMOVED,2.2719573974609375,0.0441899299621582,-0.002810955047607422,e002_coupler/artifacts/attempt_001/diagnostics/postverdict_ablation_raw.jsonl
<urn:uuid:b744ab28-011c-4b02-af14-40817834f041>,LOCKED_POSTVERDICT,25,KV_CORRECTION_REMOVED,2.2795464992523193,0.05177903175354004,0.004778146743774414,e002_coupler/artifacts/attempt_001/diagnostics/postverdict_ablation_raw.jsonl
<urn:uuid:b744ab28-011c-4b02-af14-40817834f041>,LOCKED_POSTVERDICT,25,LATE_THIRD_RECURRENT_REMOVED,2.273517370223999,0.04574990272521973,-0.0012509822845458984,e002_coupler/artifacts/attempt_001/diagnostics/postverdict_ablation_raw.jsonl
<urn:uuid:b744ab28-011c-4b02-af14-40817834f041>,LOCKED_POSTVERDICT,25,MIDDLE_THIRD_RECURRENT_REMOVED,2.2726123332977295,0.044844865798950195,-0.0021560192108154297,e002_coupler/artifacts/attempt_001/diagnostics/postverdict_ablation_raw.jsonl
<urn:uuid:b744ab28-011c-4b02-af14-40817834f041>,LOCKED_POSTVERDICT,25,RECURRENT_CORRECTION_REMOVED,2.2748587131500244,0.04709124565124512,9.036064147949219e-05,e002_coupler/artifacts/attempt_001/diagnostics/postverdict_ablation_raw.jsonl
<urn:uuid:83d75fc5-1cb2-4f74-958c-6697fb02d7b9>,LOCKED_POSTVERDICT,26,CONVOLUTION_CORRECTION_REMOVED,2.328383445739746,0.02593064308166504,0.0016431808471679688,e002_coupler/artifacts/attempt_001/diagnostics/postverdict_ablation_raw.jsonl
<urn:uuid:83d75fc5-1cb2-4f74-958c-6697fb02d7b9>,LOCKED_POSTVERDICT,26,EARLY_THIRD_RECURRENT_REMOVED,2.327136754989624,0.02468395233154297,0.00039649009704589844,e002_coupler/artifacts/attempt_001/diagnostics/postverdict_ablation_raw.jsonl
<urn:uuid:83d75fc5-1cb2-4f74-958c-6697fb02d7b9>,LOCKED_POSTVERDICT,26,KV_CORRECTION_REMOVED,2.336418390274048,0.0339655876159668,0.009678125381469727,e002_coupler/artifacts/attempt_001/diagnostics/postverdict_ablation_raw.jsonl
<urn:uuid:83d75fc5-1cb2-4f74-958c-6697fb02d7b9>,LOCKED_POSTVERDICT,26,LATE_THIRD_RECURRENT_REMOVED,2.336824893951416,0.03437209129333496,0.01008462905883789,e002_coupler/artifacts/attempt_001/diagnostics/postverdict_ablation_raw.jsonl
<urn:uuid:83d75fc5-1cb2-4f74-958c-6697fb02d7b9>,LOCKED_POSTVERDICT,26,MIDDLE_THIRD_RECURRENT_REMOVED,2.3358168601989746,0.033364057540893555,0.009076595306396484,e002_coupler/artifacts/attempt_001/diagnostics/postverdict_ablation_raw.jsonl
<urn:uuid:83d75fc5-1cb2-4f74-958c-6697fb02d7b9>,LOCKED_POSTVERDICT,26,RECURRENT_CORRECTION_REMOVED,2.3336639404296875,0.031211137771606445,0.006923675537109375,e002_coupler/artifacts/attempt_001/diagnostics/postverdict_ablation_raw.jsonl
<urn:uuid:8d2ca0e9-d200-4398-bad2-e63d05229f74>,LOCKED_POSTVERDICT,27,CONVOLUTION_CORRECTION_REMOVED,1.7433416843414307,0.06654989719390869,0.00018155574798583984,e002_coupler/artifacts/attempt_001/diagnostics/postverdict_ablation_raw.jsonl
<urn:uuid:8d2ca0e9-d200-4398-bad2-e63d05229f74>,LOCKED_POSTVERDICT,27,EARLY_THIRD_RECURRENT_REMOVED,1.7281808853149414,0.051389098167419434,-0.014979243278503418,e002_coupler/artifacts/attempt_001/diagnostics/postverdict_ablation_raw.jsonl
<urn:uuid:8d2ca0e9-d200-4398-bad2-e63d05229f74>,LOCKED_POSTVERDICT,27,KV_CORRECTION_REMOVED,1.7464468479156494,0.06965506076812744,0.00328671932220459,e002_coupler/artifacts/attempt_001/diagnostics/postverdict_ablation_raw.jsonl
<urn:uuid:8d2ca0e9-d200-4398-bad2-e63d05229f74>,LOCKED_POSTVERDICT,27,LATE_THIRD_RECURRENT_REMOVED,1.74168062210083,0.0648888349533081,-0.001479506492614746,e002_coupler/artifacts/attempt_001/diagnostics/postverdict_ablation_raw.jsonl
<urn:uuid:8d2ca0e9-d200-4398-bad2-e63d05229f74>,LOCKED_POSTVERDICT,27,MIDDLE_THIRD_RECURRENT_REMOVED,1.7388556003570557,0.06206381320953369,-0.00430452823638916,e002_coupler/artifacts/attempt_001/diagnostics/postverdict_ablation_raw.jsonl
<urn:uuid:8d2ca0e9-d200-4398-bad2-e63d05229f74>,LOCKED_POSTVERDICT,27,RECURRENT_CORRECTION_REMOVED,1.7259758710861206,0.04918408393859863,-0.01718425750732422,e002_coupler/artifacts/attempt_001/diagnostics/postverdict_ablation_raw.jsonl
<urn:uuid:3b5e7a98-888d-46c2-9cb0-97678e60a23b>,LOCKED_POSTVERDICT,28,CONVOLUTION_CORRECTION_REMOVED,2.6117987632751465,0.08646869659423828,0.007448673248291016,e002_coupler/artifacts/attempt_001/diagnostics/postverdict_ablation_raw.jsonl
<urn:uuid:3b5e7a98-888d-46c2-9cb0-97678e60a23b>,LOCKED_POSTVERDICT,28,EARLY_THIRD_RECURRENT_REMOVED,2.618967294692993,0.09363722801208496,0.014617204666137695,e002_coupler/artifacts/attempt_001/diagnostics/postverdict_ablation_raw.jsonl
<urn:uuid:3b5e7a98-888d-46c2-9cb0-97678e60a23b>,LOCKED_POSTVERDICT,28,KV_CORRECTION_REMOVED,2.610161781311035,0.08483171463012695,0.0058116912841796875,e002_coupler/artifacts/attempt_001/diagnostics/postverdict_ablation_raw.jsonl
<urn:uuid:3b5e7a98-888d-46c2-9cb0-97678e60a23b>,LOCKED_POSTVERDICT,28,LATE_THIRD_RECURRENT_REMOVED,2.595806360244751,0.07047629356384277,-0.008543729782104492,e002_coupler/artifacts/attempt_001/diagnostics/postverdict_ablation_raw.jsonl
<urn:uuid:3b5e7a98-888d-46c2-9cb0-97678e60a23b>,LOCKED_POSTVERDICT,28,MIDDLE_THIRD_RECURRENT_REMOVED,2.633899688720703,0.10856962203979492,0.029549598693847656,e002_coupler/artifacts/attempt_001/diagnostics/postverdict_ablation_raw.jsonl
<urn:uuid:3b5e7a98-888d-46c2-9cb0-97678e60a23b>,LOCKED_POSTVERDICT,28,RECURRENT_CORRECTION_REMOVED,2.6440963745117188,0.11876630783081055,0.03974628448486328,e002_coupler/artifacts/attempt_001/diagnostics/postverdict_ablation_raw.jsonl
<urn:uuid:fb0b99e5-7d97-4a1a-b39d-b1c84c9ac29b>,LOCKED_POSTVERDICT,29,CONVOLUTION_CORRECTION_REMOVED,2.00325870513916,0.08955800533294678,0.0018029212951660156,e002_coupler/artifacts/attempt_001/diagnostics/postverdict_ablation_raw.jsonl
<urn:uuid:fb0b99e5-7d97-4a1a-b39d-b1c84c9ac29b>,LOCKED_POSTVERDICT,29,EARLY_THIRD_RECURRENT_REMOVED,1.9975932836532593,0.0838925838470459,-0.0038625001907348633,e002_coupler/artifacts/attempt_001/diagnostics/postverdict_ablation_raw.jsonl
<urn:uuid:fb0b99e5-7d97-4a1a-b39d-b1c84c9ac29b>,LOCKED_POSTVERDICT,29,KV_CORRECTION_REMOVED,2.011613607406616,0.09791290760040283,0.01015782356262207,e002_coupler/artifacts/attempt_001/diagnostics/postverdict_ablation_raw.jsonl
<urn:uuid:fb0b99e5-7d97-4a1a-b39d-b1c84c9ac29b>,LOCKED_POSTVERDICT,29,LATE_THIRD_RECURRENT_REMOVED,2.0049550533294678,0.0912543535232544,0.003499269485473633,e002_coupler/artifacts/attempt_001/diagnostics/postverdict_ablation_raw.jsonl
<urn:uuid:fb0b99e5-7d97-4a1a-b39d-b1c84c9ac29b>,LOCKED_POSTVERDICT,29,MIDDLE_THIRD_RECURRENT_REMOVED,1.9914259910583496,0.07772529125213623,-0.010029792785644531,e002_coupler/artifacts/attempt_001/diagnostics/postverdict_ablation_raw.jsonl
<urn:uuid:fb0b99e5-7d97-4a1a-b39d-b1c84c9ac29b>,LOCKED_POSTVERDICT,29,RECURRENT_CORRECTION_REMOVED,1.9988592863082886,0.0851585865020752,-0.0025964975357055664,e002_coupler/artifacts/attempt_001/diagnostics/postverdict_ablation_raw.jsonl
<urn:uuid:77888c1b-ff7d-44e5-b834-0de48a3932b5>,LOCKED_POSTVERDICT,30,CONVOLUTION_CORRECTION_REMOVED,1.8552727699279785,0.0465848445892334,-0.0021169185638427734,e002_coupler/artifacts/attempt_001/diagnostics/postverdict_ablation_raw.jsonl
<urn:uuid:77888c1b-ff7d-44e5-b834-0de48a3932b5>,LOCKED_POSTVERDICT,30,EARLY_THIRD_RECURRENT_REMOVED,1.854628562927246,0.04594063758850098,-0.0027611255645751953,e002_coupler/artifacts/attempt_001/diagnostics/postverdict_ablation_raw.jsonl
<urn:uuid:77888c1b-ff7d-44e5-b834-0de48a3932b5>,LOCKED_POSTVERDICT,30,KV_CORRECTION_REMOVED,1.8684697151184082,0.059781789779663086,0.011080026626586914,e002_coupler/artifacts/attempt_001/diagnostics/postverdict_ablation_raw.jsonl
<urn:uuid:77888c1b-ff7d-44e5-b834-0de48a3932b5>,LOCKED_POSTVERDICT,30,LATE_THIRD_RECURRENT_REMOVED,1.858314871788025,0.049626946449279785,0.0009251832962036133,e002_coupler/artifacts/attempt_001/diagnostics/postverdict_ablation_raw.jsonl
<urn:uuid:77888c1b-ff7d-44e5-b834-0de48a3932b5>,LOCKED_POSTVERDICT,30,MIDDLE_THIRD_RECURRENT_REMOVED,1.8794810771942139,0.07079315185546875,0.022091388702392578,e002_coupler/artifacts/attempt_001/diagnostics/postverdict_ablation_raw.jsonl
<urn:uuid:77888c1b-ff7d-44e5-b834-0de48a3932b5>,LOCKED_POSTVERDICT,30,RECURRENT_CORRECTION_REMOVED,1.8964524269104004,0.08776450157165527,0.0390627384185791,e002_coupler/artifacts/attempt_001/diagnostics/postverdict_ablation_raw.jsonl
<urn:uuid:2058c6b3-b508-4350-a172-bffbbf7b3f41>,LOCKED_POSTVERDICT,31,CONVOLUTION_CORRECTION_REMOVED,1.5838656425476074,-0.04568839073181152,0.007480263710021973,e002_coupler/artifacts/attempt_001/diagnostics/postverdict_ablation_raw.jsonl
<urn:uuid:2058c6b3-b508-4350-a172-bffbbf7b3f41>,LOCKED_POSTVERDICT,31,EARLY_THIRD_RECURRENT_REMOVED,1.5828771591186523,-0.0466768741607666,0.0064917802810668945,e002_coupler/artifacts/attempt_001/diagnostics/postverdict_ablation_raw.jsonl
<urn:uuid:2058c6b3-b508-4350-a172-bffbbf7b3f41>,LOCKED_POSTVERDICT,31,KV_CORRECTION_REMOVED,1.5993599891662598,-0.03019404411315918,0.022974610328674316,e002_coupler/artifacts/attempt_001/diagnostics/postverdict_ablation_raw.jsonl
<urn:uuid:2058c6b3-b508-4350-a172-bffbbf7b3f41>,LOCKED_POSTVERDICT,31,LATE_THIRD_RECURRENT_REMOVED,1.5857799053192139,-0.04377412796020508,0.009394526481628418,e002_coupler/artifacts/attempt_001/diagnostics/postverdict_ablation_raw.jsonl
<urn:uuid:2058c6b3-b508-4350-a172-bffbbf7b3f41>,LOCKED_POSTVERDICT,31,MIDDLE_THIRD_RECURRENT_REMOVED,1.5948768854141235,-0.03467714786529541,0.018491506576538086,e002_coupler/artifacts/attempt_001/diagnostics/postverdict_ablation_raw.jsonl
<urn:uuid:2058c6b3-b508-4350-a172-bffbbf7b3f41>,LOCKED_POSTVERDICT,31,RECURRENT_CORRECTION_REMOVED,1.6084556579589844,-0.02109837532043457,0.032070279121398926,e002_coupler/artifacts/attempt_001/diagnostics/postverdict_ablation_raw.jsonl
<urn:uuid:03224655-4798-4e86-9410-1d57d71c323c>,LOCKED_POSTVERDICT,32,CONVOLUTION_CORRECTION_REMOVED,1.9604573249816895,0.09832978248596191,0.004551887512207031,e002_coupler/artifacts/attempt_001/diagnostics/postverdict_ablation_raw.jsonl
<urn:uuid:03224655-4798-4e86-9410-1d57d71c323c>,LOCKED_POSTVERDICT,32,EARLY_THIRD_RECURRENT_REMOVED,1.9631171226501465,0.10098958015441895,0.0072116851806640625,e002_coupler/artifacts/attempt_001/diagnostics/postverdict_ablation_raw.jsonl
<urn:uuid:03224655-4798-4e86-9410-1d57d71c323c>,LOCKED_POSTVERDICT,32,KV_CORRECTION_REMOVED,1.9747891426086426,0.11266160011291504,0.018883705139160156,e002_coupler/artifacts/attempt_001/diagnostics/postverdict_ablation_raw.jsonl
<urn:uuid:03224655-4798-4e86-9410-1d57d71c323c>,LOCKED_POSTVERDICT,32,LATE_THIRD_RECURRENT_REMOVED,1.9638780355453491,0.10175049304962158,0.0079725980758667,e002_coupler/artifacts/attempt_001/diagnostics/postverdict_ablation_raw.jsonl
<urn:uuid:03224655-4798-4e86-9410-1d57d71c323c>,LOCKED_POSTVERDICT,32,MIDDLE_THIRD_RECURRENT_REMOVED,1.9840812683105469,0.12195372581481934,0.028175830841064453,e002_coupler/artifacts/attempt_001/diagnostics/postverdict_ablation_raw.jsonl
<urn:uuid:03224655-4798-4e86-9410-1d57d71c323c>,LOCKED_POSTVERDICT,32,RECURRENT_CORRECTION_REMOVED,1.9904354810714722,0.12830793857574463,0.034530043601989746,e002_coupler/artifacts/attempt_001/diagnostics/postverdict_ablation_raw.jsonl
<urn:uuid:7f3f837f-5a30-487a-bcb5-6a9cfe6d073c>,LOCKED_POSTVERDICT,33,CONVOLUTION_CORRECTION_REMOVED,1.9978570938110352,0.021050214767456055,0.004542946815490723,e002_coupler/artifacts/attempt_001/diagnostics/postverdict_ablation_raw.jsonl
<urn:uuid:7f3f837f-5a30-487a-bcb5-6a9cfe6d073c>,LOCKED_POSTVERDICT,33,EARLY_THIRD_RECURRENT_REMOVED,1.9940394163131714,0.017232537269592285,0.0007252693176269531,e002_coupler/artifacts/attempt_001/diagnostics/postverdict_ablation_raw.jsonl
<urn:uuid:7f3f837f-5a30-487a-bcb5-6a9cfe6d073c>,LOCKED_POSTVERDICT,33,KV_CORRECTION_REMOVED,1.9935412406921387,0.01673436164855957,0.00022709369659423828,e002_coupler/artifacts/attempt_001/diagnostics/postverdict_ablation_raw.jsonl
<urn:uuid:7f3f837f-5a30-487a-bcb5-6a9cfe6d073c>,LOCKED_POSTVERDICT,33,LATE_THIRD_RECURRENT_REMOVED,1.9908387660980225,0.01403188705444336,-0.0024753808975219727,e002_coupler/artifacts/attempt_001/diagnostics/postverdict_ablation_raw.jsonl
<urn:uuid:7f3f837f-5a30-487a-bcb5-6a9cfe6d073c>,LOCKED_POSTVERDICT,33,MIDDLE_THIRD_RECURRENT_REMOVED,1.9927748441696167,0.015967965126037598,-0.0005393028259277344,e002_coupler/artifacts/attempt_001/diagnostics/postverdict_ablation_raw.jsonl
<urn:uuid:7f3f837f-5a30-487a-bcb5-6a9cfe6d073c>,LOCKED_POSTVERDICT,33,RECURRENT_CORRECTION_REMOVED,1.9945734739303589,0.017766594886779785,0.0012593269348144531,e002_coupler/artifacts/attempt_001/diagnostics/postverdict_ablation_raw.jsonl
<urn:uuid:c78d00b7-ea94-4a9f-b5eb-eae5c5ed6cc1>,LOCKED_POSTVERDICT,34,CONVOLUTION_CORRECTION_REMOVED,0.9895472526550293,0.08979904651641846,0.0040732622146606445,e002_coupler/artifacts/attempt_001/diagnostics/postverdict_ablation_raw.jsonl
<urn:uuid:c78d00b7-ea94-4a9f-b5eb-eae5c5ed6cc1>,LOCKED_POSTVERDICT,34,EARLY_THIRD_RECURRENT_REMOVED,1.022942066192627,0.12319386005401611,0.0374680757522583,e002_coupler/artifacts/attempt_001/diagnostics/postverdict_ablation_raw.jsonl
<urn:uuid:c78d00b7-ea94-4a9f-b5eb-eae5c5ed6cc1>,LOCKED_POSTVERDICT,34,KV_CORRECTION_REMOVED,0.9968835115432739,0.09713530540466309,0.011409521102905273,e002_coupler/artifacts/attempt_001/diagnostics/postverdict_ablation_raw.jsonl
<urn:uuid:c78d00b7-ea94-4a9f-b5eb-eae5c5ed6cc1>,LOCKED_POSTVERDICT,34,LATE_THIRD_RECURRENT_REMOVED,0.9952155351638794,0.09546732902526855,0.009741544723510742,e002_coupler/artifacts/attempt_001/diagnostics/postverdict_ablation_raw.jsonl
<urn:uuid:c78d00b7-ea94-4a9f-b5eb-eae5c5ed6cc1>,LOCKED_POSTVERDICT,34,MIDDLE_THIRD_RECURRENT_REMOVED,1.0103437900543213,0.11059558391571045,0.024869799613952637,e002_coupler/artifacts/attempt_001/diagnostics/postverdict_ablation_raw.jsonl
<urn:uuid:c78d00b7-ea94-4a9f-b5eb-eae5c5ed6cc1>,LOCKED_POSTVERDICT,34,RECURRENT_CORRECTION_REMOVED,1.0623308420181274,0.1625826358795166,0.07685685157775879,e002_coupler/artifacts/attempt_001/diagnostics/postverdict_ablation_raw.jsonl
<urn:uuid:efed2bbd-6a90-496d-9b54-28085edcb385>,LOCKED_POSTVERDICT,35,CONVOLUTION_CORRECTION_REMOVED,2.382927417755127,0.09020733833312988,-0.005331993103027344,e002_coupler/artifacts/attempt_001/diagnostics/postverdict_ablation_raw.jsonl
<urn:uuid:efed2bbd-6a90-496d-9b54-28085edcb385>,LOCKED_POSTVERDICT,35,EARLY_THIRD_RECURRENT_REMOVED,2.3931896686553955,0.10046958923339844,0.004930257797241211,e002_coupler/artifacts/attempt_001/diagnostics/postverdict_ablation_raw.jsonl
<urn:uuid:efed2bbd-6a90-496d-9b54-28085edcb385>,LOCKED_POSTVERDICT,35,KV_CORRECTION_REMOVED,2.382956027984619,0.09023594856262207,-0.005303382873535156,e002_coupler/artifacts/attempt_001/diagnostics/postverdict_ablation_raw.jsonl
<urn:uuid:efed2bbd-6a90-496d-9b54-28085edcb385>,LOCKED_POSTVERDICT,35,LATE_THIRD_RECURRENT_REMOVED,2.3841450214385986,0.09142494201660156,-0.004114389419555664,e002_coupler/artifacts/attempt_001/diagnostics/postverdict_ablation_raw.jsonl
<urn:uuid:efed2bbd-6a90-496d-9b54-28085edcb385>,LOCKED_POSTVERDICT,35,MIDDLE_THIRD_RECURRENT_REMOVED,2.3899052143096924,0.09718513488769531,0.001645803451538086,e002_coupler/artifacts/attempt_001/diagnostics/postverdict_ablation_raw.jsonl
<urn:uuid:efed2bbd-6a90-496d-9b54-28085edcb385>,LOCKED_POSTVERDICT,35,RECURRENT_CORRECTION_REMOVED,2.394237518310547,0.1015174388885498,0.005978107452392578,e002_coupler/artifacts/attempt_001/diagnostics/postverdict_ablation_raw.jsonl
<urn:uuid:f48cae9b-f775-4f34-b3ef-4a5235bce000>,LOCKED_POSTVERDICT,36,CONVOLUTION_CORRECTION_REMOVED,1.7552379369735718,-0.05104696750640869,-0.0009399652481079102,e002_coupler/artifacts/attempt_001/diagnostics/postverdict_ablation_raw.jsonl
<urn:uuid:f48cae9b-f775-4f34-b3ef-4a5235bce000>,LOCKED_POSTVERDICT,36,EARLY_THIRD_RECURRENT_REMOVED,1.7431145906448364,-0.06317031383514404,-0.013063311576843262,e002_coupler/artifacts/attempt_001/diagnostics/postverdict_ablation_raw.jsonl
<urn:uuid:f48cae9b-f775-4f34-b3ef-4a5235bce000>,LOCKED_POSTVERDICT,36,KV_CORRECTION_REMOVED,1.7526999711990356,-0.053584933280944824,-0.003477931022644043,e002_coupler/artifacts/attempt_001/diagnostics/postverdict_ablation_raw.jsonl
<urn:uuid:f48cae9b-f775-4f34-b3ef-4a5235bce000>,LOCKED_POSTVERDICT,36,LATE_THIRD_RECURRENT_REMOVED,1.758547306060791,-0.04773759841918945,0.002369403839111328,e002_coupler/artifacts/attempt_001/diagnostics/postverdict_ablation_raw.jsonl
<urn:uuid:f48cae9b-f775-4f34-b3ef-4a5235bce000>,LOCKED_POSTVERDICT,36,MIDDLE_THIRD_RECURRENT_REMOVED,1.751196026802063,-0.05508887767791748,-0.004981875419616699,e002_coupler/artifacts/attempt_001/diagnostics/postverdict_ablation_raw.jsonl
<urn:uuid:f48cae9b-f775-4f34-b3ef-4a5235bce000>,LOCKED_POSTVERDICT,36,RECURRENT_CORRECTION_REMOVED,1.7533591985702515,-0.052925705909729004,-0.0028187036514282227,e002_coupler/artifacts/attempt_001/diagnostics/postverdict_ablation_raw.jsonl
<urn:uuid:0af7f099-1185-49a5-92f5-a153bfe53b1b>,LOCKED_POSTVERDICT,37,CONVOLUTION_CORRECTION_REMOVED,2.382676362991333,0.08073544502258301,0.005753993988037109,e002_coupler/artifacts/attempt_001/diagnostics/postverdict_ablation_raw.jsonl
<urn:uuid:0af7f099-1185-49a5-92f5-a153bfe53b1b>,LOCKED_POSTVERDICT,37,EARLY_THIRD_RECURRENT_REMOVED,2.392533302307129,0.0905923843383789,0.015610933303833008,e002_coupler/artifacts/attempt_001/diagnostics/postverdict_ablation_raw.jsonl
<urn:uuid:0af7f099-1185-49a5-92f5-a153bfe53b1b>,LOCKED_POSTVERDICT,37,KV_CORRECTION_REMOVED,2.3889849185943604,0.08704400062561035,0.012062549591064453,e002_coupler/artifacts/attempt_001/diagnostics/postverdict_ablation_raw.jsonl
<urn:uuid:0af7f099-1185-49a5-92f5-a153bfe53b1b>,LOCKED_POSTVERDICT,37,LATE_THIRD_RECURRENT_REMOVED,2.3725457191467285,0.07060480117797852,-0.004376649856567383,e002_coupler/artifacts/attempt_001/diagnostics/postverdict_ablation_raw.jsonl
<urn:uuid:0af7f099-1185-49a5-92f5-a153bfe53b1b>,LOCKED_POSTVERDICT,37,MIDDLE_THIRD_RECURRENT_REMOVED,2.3938262462615967,0.09188532829284668,0.01690387725830078,e002_coupler/artifacts/attempt_001/diagnostics/postverdict_ablation_raw.jsonl
<urn:uuid:0af7f099-1185-49a5-92f5-a153bfe53b1b>,LOCKED_POSTVERDICT,37,RECURRENT_CORRECTION_REMOVED,2.4061789512634277,0.10423803329467773,0.029256582260131836,e002_coupler/artifacts/attempt_001/diagnostics/postverdict_ablation_raw.jsonl
<urn:uuid:864a7423-bca4-4d37-b6ea-1c4b13155028>,LOCKED_POSTVERDICT,38,CONVOLUTION_CORRECTION_REMOVED,1.4203250408172607,0.029018759727478027,-0.0035647153854370117,e002_coupler/artifacts/attempt_001/diagnostics/postverdict_ablation_raw.jsonl
<urn:uuid:864a7423-bca4-4d37-b6ea-1c4b13155028>,LOCKED_POSTVERDICT,38,EARLY_THIRD_RECURRENT_REMOVED,1.4281766414642334,0.036870360374450684,0.0042868852615356445,e002_coupler/artifacts/attempt_001/diagnostics/postverdict_ablation_raw.jsonl
<urn:uuid:864a7423-bca4-4d37-b6ea-1c4b13155028>,LOCKED_POSTVERDICT,38,KV_CORRECTION_REMOVED,1.423137903213501,0.03183162212371826,-0.0007518529891967773,e002_coupler/artifacts/attempt_001/diagnostics/postverdict_ablation_raw.jsonl
<urn:uuid:864a7423-bca4-4d37-b6ea-1c4b13155028>,LOCKED_POSTVERDICT,38,LATE_THIRD_RECURRENT_REMOVED,1.4229702949523926,0.03166401386260986,-0.0009194612503051758,e002_coupler/artifacts/attempt_001/diagnostics/postverdict_ablation_raw.jsonl
<urn:uuid:864a7423-bca4-4d37-b6ea-1c4b13155028>,LOCKED_POSTVERDICT,38,MIDDLE_THIRD_RECURRENT_REMOVED,1.4363981485366821,0.045091867446899414,0.012508392333984375,e002_coupler/artifacts/attempt_001/diagnostics/postverdict_ablation_raw.jsonl
<urn:uuid:864a7423-bca4-4d37-b6ea-1c4b13155028>,LOCKED_POSTVERDICT,38,RECURRENT_CORRECTION_REMOVED,1.4510177373886108,0.059711456298828125,0.027127981185913086,e002_coupler/artifacts/attempt_001/diagnostics/postverdict_ablation_raw.jsonl
<urn:uuid:13734d57-bdd2-4770-a2c0-888b11ed79c8>,LOCKED_POSTVERDICT,39,CONVOLUTION_CORRECTION_REMOVED,2.066577434539795,0.032852888107299805,0.0063323974609375,e002_coupler/artifacts/attempt_001/diagnostics/postverdict_ablation_raw.jsonl
<urn:uuid:13734d57-bdd2-4770-a2c0-888b11ed79c8>,LOCKED_POSTVERDICT,39,EARLY_THIRD_RECURRENT_REMOVED,2.05147647857666,0.01775193214416504,-0.008768558502197266,e002_coupler/artifacts/attempt_001/diagnostics/postverdict_ablation_raw.jsonl
<urn:uuid:13734d57-bdd2-4770-a2c0-888b11ed79c8>,LOCKED_POSTVERDICT,39,KV_CORRECTION_REMOVED,2.065214157104492,0.03148961067199707,0.004969120025634766,e002_coupler/artifacts/attempt_001/diagnostics/postverdict_ablation_raw.jsonl
<urn:uuid:13734d57-bdd2-4770-a2c0-888b11ed79c8>,LOCKED_POSTVERDICT,39,LATE_THIRD_RECURRENT_REMOVED,2.065640449523926,0.031915903091430664,0.005395412445068359,e002_coupler/artifacts/attempt_001/diagnostics/postverdict_ablation_raw.jsonl
<urn:uuid:13734d57-bdd2-4770-a2c0-888b11ed79c8>,LOCKED_POSTVERDICT,39,MIDDLE_THIRD_RECURRENT_REMOVED,2.071755886077881,0.03803133964538574,0.011510848999023438,e002_coupler/artifacts/attempt_001/diagnostics/postverdict_ablation_raw.jsonl
<urn:uuid:13734d57-bdd2-4770-a2c0-888b11ed79c8>,LOCKED_POSTVERDICT,39,RECURRENT_CORRECTION_REMOVED,2.063145875930786,0.029421329498291016,0.002900838851928711,e002_coupler/artifacts/attempt_001/diagnostics/postverdict_ablation_raw.jsonl
<urn:uuid:feb756f6-78fe-449f-b961-81fe85b913e2>,LOCKED_POSTVERDICT,40,CONVOLUTION_CORRECTION_REMOVED,1.6270743608474731,-0.0024530887603759766,0.0022069215774536133,e002_coupler/artifacts/attempt_001/diagnostics/postverdict_ablation_raw.jsonl
<urn:uuid:feb756f6-78fe-449f-b961-81fe85b913e2>,LOCKED_POSTVERDICT,40,EARLY_THIRD_RECURRENT_REMOVED,1.6343871355056763,0.0048596858978271484,0.009519696235656738,e002_coupler/artifacts/attempt_001/diagnostics/postverdict_ablation_raw.jsonl
<urn:uuid:feb756f6-78fe-449f-b961-81fe85b913e2>,LOCKED_POSTVERDICT,40,KV_CORRECTION_REMOVED,1.6313613653182983,0.0018339157104492188,0.006493926048278809,e002_coupler/artifacts/attempt_001/diagnostics/postverdict_ablation_raw.jsonl
<urn:uuid:feb756f6-78fe-449f-b961-81fe85b913e2>,LOCKED_POSTVERDICT,40,LATE_THIRD_RECURRENT_REMOVED,1.630452036857605,0.0009245872497558594,0.005584597587585449,e002_coupler/artifacts/attempt_001/diagnostics/postverdict_ablation_raw.jsonl
<urn:uuid:feb756f6-78fe-449f-b961-81fe85b913e2>,LOCKED_POSTVERDICT,40,MIDDLE_THIRD_RECURRENT_REMOVED,1.619842767715454,-0.00968468189239502,-0.00502467155456543,e002_coupler/artifacts/attempt_001/diagnostics/postverdict_ablation_raw.jsonl
<urn:uuid:feb756f6-78fe-449f-b961-81fe85b913e2>,LOCKED_POSTVERDICT,40,RECURRENT_CORRECTION_REMOVED,1.6281918287277222,-0.0013356208801269531,0.0033243894577026367,e002_coupler/artifacts/attempt_001/diagnostics/postverdict_ablation_raw.jsonl
<urn:uuid:8dc286ae-8b70-41e6-aa80-da543ded3112>,LOCKED_POSTVERDICT,41,CONVOLUTION_CORRECTION_REMOVED,2.252150058746338,0.023406028747558594,0.0010671615600585938,e002_coupler/artifacts/attempt_001/diagnostics/postverdict_ablation_raw.jsonl
<urn:uuid:8dc286ae-8b70-41e6-aa80-da543ded3112>,LOCKED_POSTVERDICT,41,EARLY_THIRD_RECURRENT_REMOVED,2.2717671394348145,0.043023109436035156,0.020684242248535156,e002_coupler/artifacts/attempt_001/diagnostics/postverdict_ablation_raw.jsonl
<urn:uuid:8dc286ae-8b70-41e6-aa80-da543ded3112>,LOCKED_POSTVERDICT,41,KV_CORRECTION_REMOVED,2.2624166011810303,0.03367257118225098,0.011333703994750977,e002_coupler/artifacts/attempt_001/diagnostics/postverdict_ablation_raw.jsonl
<urn:uuid:8dc286ae-8b70-41e6-aa80-da543ded3112>,LOCKED_POSTVERDICT,41,LATE_THIRD_RECURRENT_REMOVED,2.257174015045166,0.02842998504638672,0.006091117858886719,e002_coupler/artifacts/attempt_001/diagnostics/postverdict_ablation_raw.jsonl
<urn:uuid:8dc286ae-8b70-41e6-aa80-da543ded3112>,LOCKED_POSTVERDICT,41,MIDDLE_THIRD_RECURRENT_REMOVED,2.252617359161377,0.023873329162597656,0.0015344619750976562,e002_coupler/artifacts/attempt_001/diagnostics/postverdict_ablation_raw.jsonl
<urn:uuid:8dc286ae-8b70-41e6-aa80-da543ded3112>,LOCKED_POSTVERDICT,41,RECURRENT_CORRECTION_REMOVED,2.2831482887268066,0.054404258728027344,0.032065391540527344,e002_coupler/artifacts/attempt_001/diagnostics/postverdict_ablation_raw.jsonl
<urn:uuid:2b271281-a752-4b3a-ad54-c4af608fa998>,LOCKED_POSTVERDICT,42,CONVOLUTION_CORRECTION_REMOVED,1.761727213859558,0.002089381217956543,2.4318695068359375e-05,e002_coupler/artifacts/attempt_001/diagnostics/postverdict_ablation_raw.jsonl
<urn:uuid:2b271281-a752-4b3a-ad54-c4af608fa998>,LOCKED_POSTVERDICT,42,EARLY_THIRD_RECURRENT_REMOVED,1.7561324834823608,-0.0035053491592407227,-0.005570411682128906,e002_coupler/artifacts/attempt_001/diagnostics/postverdict_ablation_raw.jsonl
<urn:uuid:2b271281-a752-4b3a-ad54-c4af608fa998>,LOCKED_POSTVERDICT,42,KV_CORRECTION_REMOVED,1.758296012878418,-0.0013418197631835938,-0.0034068822860717773,e002_coupler/artifacts/attempt_001/diagnostics/postverdict_ablation_raw.jsonl
<urn:uuid:2b271281-a752-4b3a-ad54-c4af608fa998>,LOCKED_POSTVERDICT,42,LATE_THIRD_RECURRENT_REMOVED,1.7601162195205688,0.00047838687896728516,-0.0015866756439208984,e002_coupler/artifacts/attempt_001/diagnostics/postverdict_ablation_raw.jsonl
<urn:uuid:2b271281-a752-4b3a-ad54-c4af608fa998>,LOCKED_POSTVERDICT,42,MIDDLE_THIRD_RECURRENT_REMOVED,1.7531362771987915,-0.006501555442810059,-0.008566617965698242,e002_coupler/artifacts/attempt_001/diagnostics/postverdict_ablation_raw.jsonl
<urn:uuid:2b271281-a752-4b3a-ad54-c4af608fa998>,LOCKED_POSTVERDICT,42,RECURRENT_CORRECTION_REMOVED,1.7447764873504639,-0.014861345291137695,-0.01692640781402588,e002_coupler/artifacts/attempt_001/diagnostics/postverdict_ablation_raw.jsonl
<urn:uuid:4540e985-e6e8-441c-9da2-217439147c40>,LOCKED_POSTVERDICT,43,CONVOLUTION_CORRECTION_REMOVED,0.8987593054771423,0.017193496227264404,0.001041114330291748,e002_coupler/artifacts/attempt_001/diagnostics/postverdict_ablation_raw.jsonl
<urn:uuid:4540e985-e6e8-441c-9da2-217439147c40>,LOCKED_POSTVERDICT,43,EARLY_THIRD_RECURRENT_REMOVED,0.8941411972045898,0.012575387954711914,-0.003576993942260742,e002_coupler/artifacts/attempt_001/diagnostics/postverdict_ablation_raw.jsonl
<urn:uuid:4540e985-e6e8-441c-9da2-217439147c40>,LOCKED_POSTVERDICT,43,KV_CORRECTION_REMOVED,0.8827382922172546,0.001172482967376709,-0.014979898929595947,e002_coupler/artifacts/attempt_001/diagnostics/postverdict_ablation_raw.jsonl
<urn:uuid:4540e985-e6e8-441c-9da2-217439147c40>,LOCKED_POSTVERDICT,43,LATE_THIRD_RECURRENT_REMOVED,0.8967179656028748,0.015152156352996826,-0.00100022554397583,e002_coupler/artifacts/attempt_001/diagnostics/postverdict_ablation_raw.jsonl
<urn:uuid:4540e985-e6e8-441c-9da2-217439147c40>,LOCKED_POSTVERDICT,43,MIDDLE_THIRD_RECURRENT_REMOVED,0.915503203868866,0.03393739461898804,0.01778501272201538,e002_coupler/artifacts/attempt_001/diagnostics/postverdict_ablation_raw.jsonl
<urn:uuid:4540e985-e6e8-441c-9da2-217439147c40>,LOCKED_POSTVERDICT,43,RECURRENT_CORRECTION_REMOVED,0.9187713861465454,0.03720557689666748,0.021053194999694824,e002_coupler/artifacts/attempt_001/diagnostics/postverdict_ablation_raw.jsonl
<urn:uuid:7c200ac2-ded9-48a9-a587-cd70d048c203>,LOCKED_POSTVERDICT,44,CONVOLUTION_CORRECTION_REMOVED,1.6389131546020508,0.07613062858581543,0.0008889436721801758,e002_coupler/artifacts/attempt_001/diagnostics/postverdict_ablation_raw.jsonl
<urn:uuid:7c200ac2-ded9-48a9-a587-cd70d048c203>,LOCKED_POSTVERDICT,44,EARLY_THIRD_RECURRENT_REMOVED,1.6366859674453735,0.07390344142913818,-0.0013382434844970703,e002_coupler/artifacts/attempt_001/diagnostics/postverdict_ablation_raw.jsonl
<urn:uuid:7c200ac2-ded9-48a9-a587-cd70d048c203>,LOCKED_POSTVERDICT,44,KV_CORRECTION_REMOVED,1.6448253393173218,0.08204281330108643,0.006801128387451172,e002_coupler/artifacts/attempt_001/diagnostics/postverdict_ablation_raw.jsonl
<urn:uuid:7c200ac2-ded9-48a9-a587-cd70d048c203>,LOCKED_POSTVERDICT,44,LATE_THIRD_RECURRENT_REMOVED,1.6391147375106812,0.0763322114944458,0.0010905265808105469,e002_coupler/artifacts/attempt_001/diagnostics/postverdict_ablation_raw.jsonl
<urn:uuid:7c200ac2-ded9-48a9-a587-cd70d048c203>,LOCKED_POSTVERDICT,44,MIDDLE_THIRD_RECURRENT_REMOVED,1.6483395099639893,0.0855569839477539,0.010315299034118652,e002_coupler/artifacts/attempt_001/diagnostics/postverdict_ablation_raw.jsonl
<urn:uuid:7c200ac2-ded9-48a9-a587-cd70d048c203>,LOCKED_POSTVERDICT,44,RECURRENT_CORRECTION_REMOVED,1.6478209495544434,0.08503842353820801,0.009796738624572754,e002_coupler/artifacts/attempt_001/diagnostics/postverdict_ablation_raw.jsonl
<urn:uuid:30fa8efa-4930-456c-aef0-52250b12a6ba>,LOCKED_POSTVERDICT,45,CONVOLUTION_CORRECTION_REMOVED,2.3088126182556152,0.007095813751220703,0.0017521381378173828,e002_coupler/artifacts/attempt_001/diagnostics/postverdict_ablation_raw.jsonl
<urn:uuid:30fa8efa-4930-456c-aef0-52250b12a6ba>,LOCKED_POSTVERDICT,45,EARLY_THIRD_RECURRENT_REMOVED,2.316751003265381,0.015034198760986328,0.009690523147583008,e002_coupler/artifacts/attempt_001/diagnostics/postverdict_ablation_raw.jsonl
<urn:uuid:30fa8efa-4930-456c-aef0-52250b12a6ba>,LOCKED_POSTVERDICT,45,KV_CORRECTION_REMOVED,2.3024706840515137,0.0007538795471191406,-0.00458979606628418,e002_coupler/artifacts/attempt_001/diagnostics/postverdict_ablation_raw.jsonl
<urn:uuid:30fa8efa-4930-456c-aef0-52250b12a6ba>,LOCKED_POSTVERDICT,45,LATE_THIRD_RECURRENT_REMOVED,2.3094191551208496,0.007702350616455078,0.002358675003051758,e002_coupler/artifacts/attempt_001/diagnostics/postverdict_ablation_raw.jsonl
<urn:uuid:30fa8efa-4930-456c-aef0-52250b12a6ba>,LOCKED_POSTVERDICT,45,MIDDLE_THIRD_RECURRENT_REMOVED,2.312321662902832,0.0106048583984375,0.00526118278503418,e002_coupler/artifacts/attempt_001/diagnostics/postverdict_ablation_raw.jsonl
<urn:uuid:30fa8efa-4930-456c-aef0-52250b12a6ba>,LOCKED_POSTVERDICT,45,RECURRENT_CORRECTION_REMOVED,2.3220808506011963,0.020364046096801758,0.015020370483398438,e002_coupler/artifacts/attempt_001/diagnostics/postverdict_ablation_raw.jsonl
<urn:uuid:0a95a21c-1194-47bc-bee3-be51e518b51c>,LOCKED_POSTVERDICT,46,CONVOLUTION_CORRECTION_REMOVED,2.8963065147399902,0.08774757385253906,0.002163410186767578,e002_coupler/artifacts/attempt_001/diagnostics/postverdict_ablation_raw.jsonl
<urn:uuid:0a95a21c-1194-47bc-bee3-be51e518b51c>,LOCKED_POSTVERDICT,46,EARLY_THIRD_RECURRENT_REMOVED,2.8983864784240723,0.0898275375366211,0.004243373870849609,e002_coupler/artifacts/attempt_001/diagnostics/postverdict_ablation_raw.jsonl
<urn:uuid:0a95a21c-1194-47bc-bee3-be51e518b51c>,LOCKED_POSTVERDICT,46,KV_CORRECTION_REMOVED,2.897395610809326,0.088836669921875,0.0032525062561035156,e002_coupler/artifacts/attempt_001/diagnostics/postverdict_ablation_raw.jsonl
<urn:uuid:0a95a21c-1194-47bc-bee3-be51e518b51c>,LOCKED_POSTVERDICT,46,LATE_THIRD_RECURRENT_REMOVED,2.893507480621338,0.08494853973388672,-0.0006356239318847656,e002_coupler/artifacts/attempt_001/diagnostics/postverdict_ablation_raw.jsonl
<urn:uuid:0a95a21c-1194-47bc-bee3-be51e518b51c>,LOCKED_POSTVERDICT,46,MIDDLE_THIRD_RECURRENT_REMOVED,2.9297897815704346,0.1212308406829834,0.035646677017211914,e002_coupler/artifacts/attempt_001/diagnostics/postverdict_ablation_raw.jsonl
<urn:uuid:0a95a21c-1194-47bc-bee3-be51e518b51c>,LOCKED_POSTVERDICT,46,RECURRENT_CORRECTION_REMOVED,2.939953327178955,0.1313943862915039,0.04581022262573242,e002_coupler/artifacts/attempt_001/diagnostics/postverdict_ablation_raw.jsonl
<urn:uuid:271e4957-3bbd-4612-a168-519076ddeebd>,LOCKED_POSTVERDICT,47,CONVOLUTION_CORRECTION_REMOVED,2.793381690979004,0.1780407428741455,0.004589557647705078,e002_coupler/artifacts/attempt_001/diagnostics/postverdict_ablation_raw.jsonl
<urn:uuid:271e4957-3bbd-4612-a168-519076ddeebd>,LOCKED_POSTVERDICT,47,EARLY_THIRD_RECURRENT_REMOVED,2.8039588928222656,0.18861794471740723,0.015166759490966797,e002_coupler/artifacts/attempt_001/diagnostics/postverdict_ablation_raw.jsonl
<urn:uuid:271e4957-3bbd-4612-a168-519076ddeebd>,LOCKED_POSTVERDICT,47,KV_CORRECTION_REMOVED,2.824521064758301,0.20918011665344238,0.03572893142700195,e002_coupler/artifacts/attempt_001/diagnostics/postverdict_ablation_raw.jsonl
<urn:uuid:271e4957-3bbd-4612-a168-519076ddeebd>,LOCKED_POSTVERDICT,47,LATE_THIRD_RECURRENT_REMOVED,2.7989392280578613,0.18359827995300293,0.0101470947265625,e002_coupler/artifacts/attempt_001/diagnostics/postverdict_ablation_raw.jsonl
<urn:uuid:271e4957-3bbd-4612-a168-519076ddeebd>,LOCKED_POSTVERDICT,47,MIDDLE_THIRD_RECURRENT_REMOVED,2.816314220428467,0.2009732723236084,0.02752208709716797,e002_coupler/artifacts/attempt_001/diagnostics/postverdict_ablation_raw.jsonl
<urn:uuid:271e4957-3bbd-4612-a168-519076ddeebd>,LOCKED_POSTVERDICT,47,RECURRENT_CORRECTION_REMOVED,2.8356850147247314,0.22034406661987305,0.04689288139343262,e002_coupler/artifacts/attempt_001/diagnostics/postverdict_ablation_raw.jsonl
<urn:uuid:e69ad135-1c77-49ec-bcfe-db6642d84cfa>,LOCKED_POSTVERDICT,48,CONVOLUTION_CORRECTION_REMOVED,2.827085256576538,0.046668291091918945,0.0004169940948486328,e002_coupler/artifacts/attempt_001/diagnostics/postverdict_ablation_raw.jsonl
<urn:uuid:e69ad135-1c77-49ec-bcfe-db6642d84cfa>,LOCKED_POSTVERDICT,48,EARLY_THIRD_RECURRENT_REMOVED,2.8283886909484863,0.04797172546386719,0.001720428466796875,e002_coupler/artifacts/attempt_001/diagnostics/postverdict_ablation_raw.jsonl
<urn:uuid:e69ad135-1c77-49ec-bcfe-db6642d84cfa>,LOCKED_POSTVERDICT,48,KV_CORRECTION_REMOVED,2.8239617347717285,0.043544769287109375,-0.0027065277099609375,e002_coupler/artifacts/attempt_001/diagnostics/postverdict_ablation_raw.jsonl
<urn:uuid:e69ad135-1c77-49ec-bcfe-db6642d84cfa>,LOCKED_POSTVERDICT,48,LATE_THIRD_RECURRENT_REMOVED,2.8304176330566406,0.050000667572021484,0.003749370574951172,e002_coupler/artifacts/attempt_001/diagnostics/postverdict_ablation_raw.jsonl
<urn:uuid:e69ad135-1c77-49ec-bcfe-db6642d84cfa>,LOCKED_POSTVERDICT,48,MIDDLE_THIRD_RECURRENT_REMOVED,2.826965808868408,0.04654884338378906,0.00029754638671875,e002_coupler/artifacts/attempt_001/diagnostics/postverdict_ablation_raw.jsonl
<urn:uuid:e69ad135-1c77-49ec-bcfe-db6642d84cfa>,LOCKED_POSTVERDICT,48,RECURRENT_CORRECTION_REMOVED,2.8310718536376953,0.05065488815307617,0.004403591156005859,e002_coupler/artifacts/attempt_001/diagnostics/postverdict_ablation_raw.jsonl
<urn:uuid:a36fd47f-fc86-40a8-a96b-6e7804f96727>,LOCKED_POSTVERDICT,49,CONVOLUTION_CORRECTION_REMOVED,1.591692566871643,0.015459656715393066,0.0007404088973999023,e002_coupler/artifacts/attempt_001/diagnostics/postverdict_ablation_raw.jsonl
<urn:uuid:a36fd47f-fc86-40a8-a96b-6e7804f96727>,LOCKED_POSTVERDICT,49,EARLY_THIRD_RECURRENT_REMOVED,1.5812318325042725,0.004998922348022461,-0.009720325469970703,e002_coupler/artifacts/attempt_001/diagnostics/postverdict_ablation_raw.jsonl
<urn:uuid:a36fd47f-fc86-40a8-a96b-6e7804f96727>,LOCKED_POSTVERDICT,49,KV_CORRECTION_REMOVED,1.6001391410827637,0.023906230926513672,0.009186983108520508,e002_coupler/artifacts/attempt_001/diagnostics/postverdict_ablation_raw.jsonl
<urn:uuid:a36fd47f-fc86-40a8-a96b-6e7804f96727>,LOCKED_POSTVERDICT,49,LATE_THIRD_RECURRENT_REMOVED,1.593595027923584,0.017362117767333984,0.0026428699493408203,e002_coupler/artifacts/attempt_001/diagnostics/postverdict_ablation_raw.jsonl
<urn:uuid:a36fd47f-fc86-40a8-a96b-6e7804f96727>,LOCKED_POSTVERDICT,49,MIDDLE_THIRD_RECURRENT_REMOVED,1.5982728004455566,0.02203989028930664,0.0073206424713134766,e002_coupler/artifacts/attempt_001/diagnostics/postverdict_ablation_raw.jsonl
<urn:uuid:a36fd47f-fc86-40a8-a96b-6e7804f96727>,LOCKED_POSTVERDICT,49,RECURRENT_CORRECTION_REMOVED,1.5918105840682983,0.01557767391204834,0.0008584260940551758,e002_coupler/artifacts/attempt_001/diagnostics/postverdict_ablation_raw.jsonl
<urn:uuid:5414e750-83df-4ec5-9ce8-5d2761c35ba6>,LOCKED_POSTVERDICT,50,CONVOLUTION_CORRECTION_REMOVED,1.8580410480499268,0.02922654151916504,-0.0004127025604248047,e002_coupler/artifacts/attempt_001/diagnostics/postverdict_ablation_raw.jsonl
<urn:uuid:5414e750-83df-4ec5-9ce8-5d2761c35ba6>,LOCKED_POSTVERDICT,50,EARLY_THIRD_RECURRENT_REMOVED,1.8603755235671997,0.03156101703643799,0.0019217729568481445,e002_coupler/artifacts/attempt_001/diagnostics/postverdict_ablation_raw.jsonl
<urn:uuid:5414e750-83df-4ec5-9ce8-5d2761c35ba6>,LOCKED_POSTVERDICT,50,KV_CORRECTION_REMOVED,1.865501046180725,0.03668653964996338,0.007047295570373535,e002_coupler/artifacts/attempt_001/diagnostics/postverdict_ablation_raw.jsonl
<urn:uuid:5414e750-83df-4ec5-9ce8-5d2761c35ba6>,LOCKED_POSTVERDICT,50,LATE_THIRD_RECURRENT_REMOVED,1.8585423231124878,0.029727816581726074,8.857250213623047e-05,e002_coupler/artifacts/attempt_001/diagnostics/postverdict_ablation_raw.jsonl
<urn:uuid:5414e750-83df-4ec5-9ce8-5d2761c35ba6>,LOCKED_POSTVERDICT,50,MIDDLE_THIRD_RECURRENT_REMOVED,1.871118426322937,0.04230391979217529,0.01266467571258545,e002_coupler/artifacts/attempt_001/diagnostics/postverdict_ablation_raw.jsonl
<urn:uuid:5414e750-83df-4ec5-9ce8-5d2761c35ba6>,LOCKED_POSTVERDICT,50,RECURRENT_CORRECTION_REMOVED,1.8927509784698486,0.06393647193908691,0.03429722785949707,e002_coupler/artifacts/attempt_001/diagnostics/postverdict_ablation_raw.jsonl
<urn:uuid:6e032c2f-b9b5-49fd-bcc8-50091ca25578>,LOCKED_POSTVERDICT,51,CONVOLUTION_CORRECTION_REMOVED,2.8945069313049316,0.1145467758178711,-0.0071887969970703125,e002_coupler/artifacts/attempt_001/diagnostics/postverdict_ablation_raw.jsonl
<urn:uuid:6e032c2f-b9b5-49fd-bcc8-50091ca25578>,LOCKED_POSTVERDICT,51,EARLY_THIRD_RECURRENT_REMOVED,2.919924020767212,0.13996386528015137,0.01822829246520996,e002_coupler/artifacts/attempt_001/diagnostics/postverdict_ablation_raw.jsonl
<urn:uuid:6e032c2f-b9b5-49fd-bcc8-50091ca25578>,LOCKED_POSTVERDICT,51,KV_CORRECTION_REMOVED,2.936466693878174,0.15650653839111328,0.034770965576171875,e002_coupler/artifacts/attempt_001/diagnostics/postverdict_ablation_raw.jsonl
<urn:uuid:6e032c2f-b9b5-49fd-bcc8-50091ca25578>,LOCKED_POSTVERDICT,51,LATE_THIRD_RECURRENT_REMOVED,2.9002578258514404,0.12029767036437988,-0.0014379024505615234,e002_coupler/artifacts/attempt_001/diagnostics/postverdict_ablation_raw.jsonl
<urn:uuid:6e032c2f-b9b5-49fd-bcc8-50091ca25578>,LOCKED_POSTVERDICT,51,MIDDLE_THIRD_RECURRENT_REMOVED,2.9148740768432617,0.13491392135620117,0.013178348541259766,e002_coupler/artifacts/attempt_001/diagnostics/postverdict_ablation_raw.jsonl
<urn:uuid:6e032c2f-b9b5-49fd-bcc8-50091ca25578>,LOCKED_POSTVERDICT,51,RECURRENT_CORRECTION_REMOVED,2.936795949935913,0.15683579444885254,0.03510022163391113,e002_coupler/artifacts/attempt_001/diagnostics/postverdict_ablation_raw.jsonl
<urn:uuid:8b1c78d3-e147-4b44-8bcf-2243a3483f16>,LOCKED_POSTVERDICT,52,CONVOLUTION_CORRECTION_REMOVED,1.4877610206604004,0.07833743095397949,-0.011213421821594238,e002_coupler/artifacts/attempt_001/diagnostics/postverdict_ablation_raw.jsonl
<urn:uuid:8b1c78d3-e147-4b44-8bcf-2243a3483f16>,LOCKED_POSTVERDICT,52,EARLY_THIRD_RECURRENT_REMOVED,1.5023906230926514,0.09296703338623047,0.0034161806106567383,e002_coupler/artifacts/attempt_001/diagnostics/postverdict_ablation_raw.jsonl
<urn:uuid:8b1c78d3-e147-4b44-8bcf-2243a3483f16>,LOCKED_POSTVERDICT,52,KV_CORRECTION_REMOVED,1.4970734119415283,0.08764982223510742,-0.0019010305404663086,e002_coupler/artifacts/attempt_001/diagnostics/postverdict_ablation_raw.jsonl
<urn:uuid:8b1c78d3-e147-4b44-8bcf-2243a3483f16>,LOCKED_POSTVERDICT,52,LATE_THIRD_RECURRENT_REMOVED,1.4909844398498535,0.08156085014343262,-0.007990002632141113,e002_coupler/artifacts/attempt_001/diagnostics/postverdict_ablation_raw.jsonl
<urn:uuid:8b1c78d3-e147-4b44-8bcf-2243a3483f16>,LOCKED_POSTVERDICT,52,MIDDLE_THIRD_RECURRENT_REMOVED,1.4965274333953857,0.08710384368896484,-0.0024470090866088867,e002_coupler/artifacts/attempt_001/diagnostics/postverdict_ablation_raw.jsonl
<urn:uuid:8b1c78d3-e147-4b44-8bcf-2243a3483f16>,LOCKED_POSTVERDICT,52,RECURRENT_CORRECTION_REMOVED,1.4997749328613281,0.09035134315490723,0.0008004903793334961,e002_coupler/artifacts/attempt_001/diagnostics/postverdict_ablation_raw.jsonl
<urn:uuid:d74a814e-fa24-49c1-b732-4d41ee01736c>,LOCKED_POSTVERDICT,53,CONVOLUTION_CORRECTION_REMOVED,2.393791675567627,0.3391885757446289,-0.003839254379272461,e002_coupler/artifacts/attempt_001/diagnostics/postverdict_ablation_raw.jsonl
<urn:uuid:d74a814e-fa24-49c1-b732-4d41ee01736c>,LOCKED_POSTVERDICT,53,EARLY_THIRD_RECURRENT_REMOVED,2.403575897216797,0.34897279739379883,0.005944967269897461,e002_coupler/artifacts/attempt_001/diagnostics/postverdict_ablation_raw.jsonl
<urn:uuid:d74a814e-fa24-49c1-b732-4d41ee01736c>,LOCKED_POSTVERDICT,53,KV_CORRECTION_REMOVED,2.4186501502990723,0.3640470504760742,0.02101922035217285,e002_coupler/artifacts/attempt_001/diagnostics/postverdict_ablation_raw.jsonl
<urn:uuid:d74a814e-fa24-49c1-b732-4d41ee01736c>,LOCKED_POSTVERDICT,53,LATE_THIRD_RECURRENT_REMOVED,2.4049229621887207,0.35031986236572266,0.007292032241821289,e002_coupler/artifacts/attempt_001/diagnostics/postverdict_ablation_raw.jsonl
<urn:uuid:d74a814e-fa24-49c1-b732-4d41ee01736c>,LOCKED_POSTVERDICT,53,MIDDLE_THIRD_RECURRENT_REMOVED,2.4245080947875977,0.3699049949645996,0.026877164840698242,e002_coupler/artifacts/attempt_001/diagnostics/postverdict_ablation_raw.jsonl
<urn:uuid:d74a814e-fa24-49c1-b732-4d41ee01736c>,LOCKED_POSTVERDICT,53,RECURRENT_CORRECTION_REMOVED,2.43182373046875,0.37722063064575195,0.034192800521850586,e002_coupler/artifacts/attempt_001/diagnostics/postverdict_ablation_raw.jsonl
<urn:uuid:08db5265-ec96-4ede-94e2-4c1a44b29c36>,LOCKED_POSTVERDICT,54,CONVOLUTION_CORRECTION_REMOVED,2.495990037918091,0.09040260314941406,0.0006392002105712891,e002_coupler/artifacts/attempt_001/diagnostics/postverdict_ablation_raw.jsonl
<urn:uuid:08db5265-ec96-4ede-94e2-4c1a44b29c36>,LOCKED_POSTVERDICT,54,EARLY_THIRD_RECURRENT_REMOVED,2.5137228965759277,0.10813546180725098,0.018372058868408203,e002_coupler/artifacts/attempt_001/diagnostics/postverdict_ablation_raw.jsonl
<urn:uuid:08db5265-ec96-4ede-94e2-4c1a44b29c36>,LOCKED_POSTVERDICT,54,KV_CORRECTION_REMOVED,2.4938201904296875,0.08823275566101074,-0.0015306472778320312,e002_coupler/artifacts/attempt_001/diagnostics/postverdict_ablation_raw.jsonl
<urn:uuid:08db5265-ec96-4ede-94e2-4c1a44b29c36>,LOCKED_POSTVERDICT,54,LATE_THIRD_RECURRENT_REMOVED,2.4954891204833984,0.08990168571472168,0.00013828277587890625,e002_coupler/artifacts/attempt_001/diagnostics/postverdict_ablation_raw.jsonl
<urn:uuid:08db5265-ec96-4ede-94e2-4c1a44b29c36>,LOCKED_POSTVERDICT,54,MIDDLE_THIRD_RECURRENT_REMOVED,2.48681640625,0.08122897148132324,-0.008534431457519531,e002_coupler/artifacts/attempt_001/diagnostics/postverdict_ablation_raw.jsonl
<urn:uuid:08db5265-ec96-4ede-94e2-4c1a44b29c36>,LOCKED_POSTVERDICT,54,RECURRENT_CORRECTION_REMOVED,2.512165069580078,0.10657763481140137,0.016814231872558594,e002_coupler/artifacts/attempt_001/diagnostics/postverdict_ablation_raw.jsonl
<urn:uuid:c66927ea-5d7d-4a31-844e-e9e746539349>,LOCKED_POSTVERDICT,55,CONVOLUTION_CORRECTION_REMOVED,2.4693901538848877,0.174576997756958,0.005017518997192383,e002_coupler/artifacts/attempt_001/diagnostics/postverdict_ablation_raw.jsonl
<urn:uuid:c66927ea-5d7d-4a31-844e-e9e746539349>,LOCKED_POSTVERDICT,55,EARLY_THIRD_RECURRENT_REMOVED,2.469015598297119,0.17420244216918945,0.004642963409423828,e002_coupler/artifacts/attempt_001/diagnostics/postverdict_ablation_raw.jsonl
<urn:uuid:c66927ea-5d7d-4a31-844e-e9e746539349>,LOCKED_POSTVERDICT,55,KV_CORRECTION_REMOVED,2.471534252166748,0.17672109603881836,0.007161617279052734,e002_coupler/artifacts/attempt_001/diagnostics/postverdict_ablation_raw.jsonl
<urn:uuid:c66927ea-5d7d-4a31-844e-e9e746539349>,LOCKED_POSTVERDICT,55,LATE_THIRD_RECURRENT_REMOVED,2.460127115249634,0.1653139591217041,-0.0042455196380615234,e002_coupler/artifacts/attempt_001/diagnostics/postverdict_ablation_raw.jsonl
<urn:uuid:c66927ea-5d7d-4a31-844e-e9e746539349>,LOCKED_POSTVERDICT,55,MIDDLE_THIRD_RECURRENT_REMOVED,2.465228319168091,0.17041516304016113,0.0008556842803955078,e002_coupler/artifacts/attempt_001/diagnostics/postverdict_ablation_raw.jsonl
<urn:uuid:c66927ea-5d7d-4a31-844e-e9e746539349>,LOCKED_POSTVERDICT,55,RECURRENT_CORRECTION_REMOVED,2.4766488075256348,0.18183565139770508,0.012276172637939453,e002_coupler/artifacts/attempt_001/diagnostics/postverdict_ablation_raw.jsonl
<urn:uuid:427c2ebb-1236-4a56-b04f-7e8ed2c54c89>,LOCKED_POSTVERDICT,56,CONVOLUTION_CORRECTION_REMOVED,2.2720813751220703,-0.11136531829833984,-0.007513523101806641,e002_coupler/artifacts/attempt_001/diagnostics/postverdict_ablation_raw.jsonl
<urn:uuid:427c2ebb-1236-4a56-b04f-7e8ed2c54c89>,LOCKED_POSTVERDICT,56,EARLY_THIRD_RECURRENT_REMOVED,2.2975544929504395,-0.0858922004699707,0.0179595947265625,e002_coupler/artifacts/attempt_001/diagnostics/postverdict_ablation_raw.jsonl
<urn:uuid:427c2ebb-1236-4a56-b04f-7e8ed2c54c89>,LOCKED_POSTVERDICT,56,KV_CORRECTION_REMOVED,2.2730612754821777,-0.11038541793823242,-0.006533622741699219,e002_coupler/artifacts/attempt_001/diagnostics/postverdict_ablation_raw.jsonl
<urn:uuid:427c2ebb-1236-4a56-b04f-7e8ed2c54c89>,LOCKED_POSTVERDICT,56,LATE_THIRD_RECURRENT_REMOVED,2.290600538253784,-0.09284615516662598,0.011005640029907227,e002_coupler/artifacts/attempt_001/diagnostics/postverdict_ablation_raw.jsonl
<urn:uuid:427c2ebb-1236-4a56-b04f-7e8ed2c54c89>,LOCKED_POSTVERDICT,56,MIDDLE_THIRD_RECURRENT_REMOVED,2.271538257598877,-0.1119084358215332,-0.008056640625,e002_coupler/artifacts/attempt_001/diagnostics/postverdict_ablation_raw.jsonl
<urn:uuid:427c2ebb-1236-4a56-b04f-7e8ed2c54c89>,LOCKED_POSTVERDICT,56,RECURRENT_CORRECTION_REMOVED,2.3095622062683105,-0.07388448715209961,0.029967308044433594,e002_coupler/artifacts/attempt_001/diagnostics/postverdict_ablation_raw.jsonl
<urn:uuid:6156bc68-b195-424c-bb23-79b0e8c3dd0b>,LOCKED_POSTVERDICT,57,CONVOLUTION_CORRECTION_REMOVED,0.593085765838623,0.03171706199645996,0.0025987625122070312,e002_coupler/artifacts/attempt_001/diagnostics/postverdict_ablation_raw.jsonl
<urn:uuid:6156bc68-b195-424c-bb23-79b0e8c3dd0b>,LOCKED_POSTVERDICT,57,EARLY_THIRD_RECURRENT_REMOVED,0.5925630331039429,0.031194329261779785,0.0020760297775268555,e002_coupler/artifacts/attempt_001/diagnostics/postverdict_ablation_raw.jsonl
<urn:uuid:6156bc68-b195-424c-bb23-79b0e8c3dd0b>,LOCKED_POSTVERDICT,57,KV_CORRECTION_REMOVED,0.6044853329658508,0.043116629123687744,0.013998329639434814,e002_coupler/artifacts/attempt_001/diagnostics/postverdict_ablation_raw.jsonl
<urn:uuid:6156bc68-b195-424c-bb23-79b0e8c3dd0b>,LOCKED_POSTVERDICT,57,LATE_THIRD_RECURRENT_REMOVED,0.5889461636543274,0.027577459812164307,-0.001540839672088623,e002_coupler/artifacts/attempt_001/diagnostics/postverdict_ablation_raw.jsonl
<urn:uuid:6156bc68-b195-424c-bb23-79b0e8c3dd0b>,LOCKED_POSTVERDICT,57,MIDDLE_THIRD_RECURRENT_REMOVED,0.5979992151260376,0.03663051128387451,0.007512211799621582,e002_coupler/artifacts/attempt_001/diagnostics/postverdict_ablation_raw.jsonl
<urn:uuid:6156bc68-b195-424c-bb23-79b0e8c3dd0b>,LOCKED_POSTVERDICT,57,RECURRENT_CORRECTION_REMOVED,0.5920159816741943,0.03064727783203125,0.0015289783477783203,e002_coupler/artifacts/attempt_001/diagnostics/postverdict_ablation_raw.jsonl
<urn:uuid:3f293d93-20ef-44f9-a8c4-3a13f05a3c7f>,LOCKED_POSTVERDICT,58,CONVOLUTION_CORRECTION_REMOVED,2.0132551193237305,0.09553182125091553,-0.0016553401947021484,e002_coupler/artifacts/attempt_001/diagnostics/postverdict_ablation_raw.jsonl
<urn:uuid:3f293d93-20ef-44f9-a8c4-3a13f05a3c7f>,LOCKED_POSTVERDICT,58,EARLY_THIRD_RECURRENT_REMOVED,2.0200393199920654,0.10231602191925049,0.0051288604736328125,e002_coupler/artifacts/attempt_001/diagnostics/postverdict_ablation_raw.jsonl
<urn:uuid:3f293d93-20ef-44f9-a8c4-3a13f05a3c7f>,LOCKED_POSTVERDICT,58,KV_CORRECTION_REMOVED,2.014360189437866,0.09663689136505127,-0.0005502700805664062,e002_coupler/artifacts/attempt_001/diagnostics/postverdict_ablation_raw.jsonl
<urn:uuid:3f293d93-20ef-44f9-a8c4-3a13f05a3c7f>,LOCKED_POSTVERDICT,58,LATE_THIRD_RECURRENT_REMOVED,2.0087785720825195,0.09105527400970459,-0.006131887435913086,e002_coupler/artifacts/attempt_001/diagnostics/postverdict_ablation_raw.jsonl
<urn:uuid:3f293d93-20ef-44f9-a8c4-3a13f05a3c7f>,LOCKED_POSTVERDICT,58,MIDDLE_THIRD_RECURRENT_REMOVED,2.0191850662231445,0.10146176815032959,0.004274606704711914,e002_coupler/artifacts/attempt_001/diagnostics/postverdict_ablation_raw.jsonl
<urn:uuid:3f293d93-20ef-44f9-a8c4-3a13f05a3c7f>,LOCKED_POSTVERDICT,58,RECURRENT_CORRECTION_REMOVED,2.0261340141296387,0.10841071605682373,0.011223554611206055,e002_coupler/artifacts/attempt_001/diagnostics/postverdict_ablation_raw.jsonl
<urn:uuid:8d348a3f-d8c4-4676-b3a9-9d2fe1ae7b4e>,LOCKED_POSTVERDICT,59,CONVOLUTION_CORRECTION_REMOVED,1.136523962020874,0.15697622299194336,-0.0015944242477416992,e002_coupler/artifacts/attempt_001/diagnostics/postverdict_ablation_raw.jsonl
<urn:uuid:8d348a3f-d8c4-4676-b3a9-9d2fe1ae7b4e>,LOCKED_POSTVERDICT,59,EARLY_THIRD_RECURRENT_REMOVED,1.1169394254684448,0.13739168643951416,-0.0211789608001709,e002_coupler/artifacts/attempt_001/diagnostics/postverdict_ablation_raw.jsonl
<urn:uuid:8d348a3f-d8c4-4676-b3a9-9d2fe1ae7b4e>,LOCKED_POSTVERDICT,59,KV_CORRECTION_REMOVED,1.1329665184020996,0.15341877937316895,-0.005151867866516113,e002_coupler/artifacts/attempt_001/diagnostics/postverdict_ablation_raw.jsonl
<urn:uuid:8d348a3f-d8c4-4676-b3a9-9d2fe1ae7b4e>,LOCKED_POSTVERDICT,59,LATE_THIRD_RECURRENT_REMOVED,1.1357306241989136,0.1561828851699829,-0.0023877620697021484,e002_coupler/artifacts/attempt_001/diagnostics/postverdict_ablation_raw.jsonl
<urn:uuid:8d348a3f-d8c4-4676-b3a9-9d2fe1ae7b4e>,LOCKED_POSTVERDICT,59,MIDDLE_THIRD_RECURRENT_REMOVED,1.1398167610168457,0.16026902198791504,0.0016983747482299805,e002_coupler/artifacts/attempt_001/diagnostics/postverdict_ablation_raw.jsonl
<urn:uuid:8d348a3f-d8c4-4676-b3a9-9d2fe1ae7b4e>,LOCKED_POSTVERDICT,59,RECURRENT_CORRECTION_REMOVED,1.1325969696044922,0.15304923057556152,-0.005521416664123535,e002_coupler/artifacts/attempt_001/diagnostics/postverdict_ablation_raw.jsonl
<urn:uuid:0f35edc0-1774-4aa5-9e30-5c9a85d48adc>,LOCKED_POSTVERDICT,60,CONVOLUTION_CORRECTION_REMOVED,1.4950312376022339,-0.011145591735839844,-0.000926971435546875,e002_coupler/artifacts/attempt_001/diagnostics/postverdict_ablation_raw.jsonl
<urn:uuid:0f35edc0-1774-4aa5-9e30-5c9a85d48adc>,LOCKED_POSTVERDICT,60,EARLY_THIRD_RECURRENT_REMOVED,1.4904872179031372,-0.015689611434936523,-0.005470991134643555,e002_coupler/artifacts/attempt_001/diagnostics/postverdict_ablation_raw.jsonl
<urn:uuid:0f35edc0-1774-4aa5-9e30-5c9a85d48adc>,LOCKED_POSTVERDICT,60,KV_CORRECTION_REMOVED,1.4974720478057861,-0.008704781532287598,0.001513838768005371,e002_coupler/artifacts/attempt_001/diagnostics/postverdict_ablation_raw.jsonl
<urn:uuid:0f35edc0-1774-4aa5-9e30-5c9a85d48adc>,LOCKED_POSTVERDICT,60,LATE_THIRD_RECURRENT_REMOVED,1.492993950843811,-0.013182878494262695,-0.0029642581939697266,e002_coupler/artifacts/attempt_001/diagnostics/postverdict_ablation_raw.jsonl
<urn:uuid:0f35edc0-1774-4aa5-9e30-5c9a85d48adc>,LOCKED_POSTVERDICT,60,MIDDLE_THIRD_RECURRENT_REMOVED,1.495290756225586,-0.010886073112487793,-0.0006674528121948242,e002_coupler/artifacts/attempt_001/diagnostics/postverdict_ablation_raw.jsonl
<urn:uuid:0f35edc0-1774-4aa5-9e30-5c9a85d48adc>,LOCKED_POSTVERDICT,60,RECURRENT_CORRECTION_REMOVED,1.4903476238250732,-0.01582920551300049,-0.0056105852127075195,e002_coupler/artifacts/attempt_001/diagnostics/postverdict_ablation_raw.jsonl
<urn:uuid:2401acdd-e363-4bc9-8e45-0e31413a3cff>,LOCKED_POSTVERDICT,61,CONVOLUTION_CORRECTION_REMOVED,2.485708236694336,0.03663778305053711,0.009631633758544922,e002_coupler/artifacts/attempt_001/diagnostics/postverdict_ablation_raw.jsonl
<urn:uuid:2401acdd-e363-4bc9-8e45-0e31413a3cff>,LOCKED_POSTVERDICT,61,EARLY_THIRD_RECURRENT_REMOVED,2.4890241622924805,0.03995370864868164,0.012947559356689453,e002_coupler/artifacts/attempt_001/diagnostics/postverdict_ablation_raw.jsonl
<urn:uuid:2401acdd-e363-4bc9-8e45-0e31413a3cff>,LOCKED_POSTVERDICT,61,KV_CORRECTION_REMOVED,2.485495090484619,0.03642463684082031,0.009418487548828125,e002_coupler/artifacts/attempt_001/diagnostics/postverdict_ablation_raw.jsonl
<urn:uuid:2401acdd-e363-4bc9-8e45-0e31413a3cff>,LOCKED_POSTVERDICT,61,LATE_THIRD_RECURRENT_REMOVED,2.4847967624664307,0.035726308822631836,0.008720159530639648,e002_coupler/artifacts/attempt_001/diagnostics/postverdict_ablation_raw.jsonl
<urn:uuid:2401acdd-e363-4bc9-8e45-0e31413a3cff>,LOCKED_POSTVERDICT,61,MIDDLE_THIRD_RECURRENT_REMOVED,2.4919581413269043,0.04288768768310547,0.01588153839111328,e002_coupler/artifacts/attempt_001/diagnostics/postverdict_ablation_raw.jsonl
<urn:uuid:2401acdd-e363-4bc9-8e45-0e31413a3cff>,LOCKED_POSTVERDICT,61,RECURRENT_CORRECTION_REMOVED,2.5034232139587402,0.054352760314941406,0.02734661102294922,e002_coupler/artifacts/attempt_001/diagnostics/postverdict_ablation_raw.jsonl
<urn:uuid:f61574fc-e745-4e2b-a5d7-82b1766c598c>,LOCKED_POSTVERDICT,62,CONVOLUTION_CORRECTION_REMOVED,2.1169509887695312,0.04649686813354492,-0.003854513168334961,e002_coupler/artifacts/attempt_001/diagnostics/postverdict_ablation_raw.jsonl
<urn:uuid:f61574fc-e745-4e2b-a5d7-82b1766c598c>,LOCKED_POSTVERDICT,62,EARLY_THIRD_RECURRENT_REMOVED,2.116300106048584,0.045845985412597656,-0.0045053958892822266,e002_coupler/artifacts/attempt_001/diagnostics/postverdict_ablation_raw.jsonl
<urn:uuid:f61574fc-e745-4e2b-a5d7-82b1766c598c>,LOCKED_POSTVERDICT,62,KV_CORRECTION_REMOVED,2.12066650390625,0.05021238327026367,-0.00013899803161621094,e002_coupler/artifacts/attempt_001/diagnostics/postverdict_ablation_raw.jsonl
<urn:uuid:f61574fc-e745-4e2b-a5d7-82b1766c598c>,LOCKED_POSTVERDICT,62,LATE_THIRD_RECURRENT_REMOVED,2.1137847900390625,0.04333066940307617,-0.007020711898803711,e002_coupler/artifacts/attempt_001/diagnostics/postverdict_ablation_raw.jsonl
<urn:uuid:f61574fc-e745-4e2b-a5d7-82b1766c598c>,LOCKED_POSTVERDICT,62,MIDDLE_THIRD_RECURRENT_REMOVED,2.1049623489379883,0.03450822830200195,-0.01584315299987793,e002_coupler/artifacts/attempt_001/diagnostics/postverdict_ablation_raw.jsonl
<urn:uuid:f61574fc-e745-4e2b-a5d7-82b1766c598c>,LOCKED_POSTVERDICT,62,RECURRENT_CORRECTION_REMOVED,2.1058096885681152,0.035355567932128906,-0.014995813369750977,e002_coupler/artifacts/attempt_001/diagnostics/postverdict_ablation_raw.jsonl
<urn:uuid:6e09c74b-fe22-4149-9f8a-906b8094bb23>,LOCKED_POSTVERDICT,63,CONVOLUTION_CORRECTION_REMOVED,2.247295379638672,0.2053661346435547,0.006264448165893555,e002_coupler/artifacts/attempt_001/diagnostics/postverdict_ablation_raw.jsonl
<urn:uuid:6e09c74b-fe22-4149-9f8a-906b8094bb23>,LOCKED_POSTVERDICT,63,EARLY_THIRD_RECURRENT_REMOVED,2.2575418949127197,0.21561264991760254,0.016510963439941406,e002_coupler/artifacts/attempt_001/diagnostics/postverdict_ablation_raw.jsonl
<urn:uuid:6e09c74b-fe22-4149-9f8a-906b8094bb23>,LOCKED_POSTVERDICT,63,KV_CORRECTION_REMOVED,2.2540903091430664,0.21216106414794922,0.013059377670288086,e002_coupler/artifacts/attempt_001/diagnostics/postverdict_ablation_raw.jsonl
<urn:uuid:6e09c74b-fe22-4149-9f8a-906b8094bb23>,LOCKED_POSTVERDICT,63,LATE_THIRD_RECURRENT_REMOVED,2.2449791431427,0.203049898147583,0.003948211669921875,e002_coupler/artifacts/attempt_001/diagnostics/postverdict_ablation_raw.jsonl
<urn:uuid:6e09c74b-fe22-4149-9f8a-906b8094bb23>,LOCKED_POSTVERDICT,63,MIDDLE_THIRD_RECURRENT_REMOVED,2.261056423187256,0.21912717819213867,0.02002549171447754,e002_coupler/artifacts/attempt_001/diagnostics/postverdict_ablation_raw.jsonl
<urn:uuid:6e09c74b-fe22-4149-9f8a-906b8094bb23>,LOCKED_POSTVERDICT,63,RECURRENT_CORRECTION_REMOVED,2.266921281814575,0.224992036819458,0.025890350341796875,e002_coupler/artifacts/attempt_001/diagnostics/postverdict_ablation_raw.jsonl
