path,bytes,sha256,git_inclusion
LICENSE,11558,1eb85fc97224598dad1852b5d6483bbcf0aa8608790dcc657a5a2a761ae9c8c6,eligible
LatentPort.pdf,672688,0e1453ffa9daa29de9266ccabc4f98eb93604d5c1be08693130c4248dd623b4b,eligible
e001_handoff/.gitignore,91,d70f334e36460892d0bf1dc82b50c70485e1daa218efe354032921493a531a8e,eligible
e001_handoff/ADAPTIVE_RESEARCH_LEDGER.md,8820,08447aa4f52b6d507485de2d5ff68dfbda94ab3ed9230d842d4f60497ea18465,eligible
e001_handoff/FROZEN_MANIFEST.json,13462,69bcca1bea1ecce2cc5c7c9728581aeca8ed9abf56028c2cd9c2fd7498efb0c9,eligible
e001_handoff/PREREGISTRATION.json,11572,598357a927f0de9de613d96351034a141aa0e08a29675175fdd840bd6269a19e,eligible
e001_handoff/PROTOCOL.md,7815,01e3bf0fdac88b972da6607b1b430a872ebd10f8d049dbb05a8f7693908abb3d,eligible
e001_handoff/__init__.py,63,6f003f62a9353643701826fc79a5e389b5585758905f17492990ca82a2e41506,eligible
e001_handoff/analysis/__init__.py,73,65e3cbf92e1b68c9452af709536425b4e135a8a49735d25cfe1255b65356225b,eligible
e001_handoff/analysis/build_final_manifest.py,3611,6a473a7e27d50d98ed94c951fabc14fb962cb3f7347b88572706f7ee217915ec,eligible
e001_handoff/analysis/finalize_4k.py,6284,8533eacdd5a08433f3d2afd4df0867e1c6a8e7f7c007aa51bff301a85f1acb79,eligible
e001_handoff/analysis/integrity.py,3741,638f4e16236af6bce5ed48c6d4ec0a8b18584b15e1da07bc815ded2ee246232c,eligible
e001_handoff/analysis/metrics.py,3400,2ef2cab0f4560f6d3f15960e4ebd35d7fd3d18016e3e975587deb225a5f34c6e,eligible
e001_handoff/analysis/postverdict_artifacts.py,20844,06c0dd89103c677e648c6a9063dcb25f3910e6e5ca46304f0ab76abccfa8a0b7,eligible
e001_handoff/analysis/verdict.py,8707,440165757778a761c4e99b28fbcb728091d90b3c32a7192bdd104e2357918d19,eligible
e001_handoff/artifacts/CURRENT_ATTEMPT.json,167,3cf900d115e35e08824edf17620523fff7e7b8dbcf3d60f6bec6f6f53e42bae7,eligible
e001_handoff/artifacts/attempt_001/EXECUTIVE_SUMMARY.md,2931,99d51f612ed21674ed8dd8eada857f1f802ec80295633aaacf20c9d77d0e757c,eligible
e001_handoff/artifacts/attempt_001/FINAL_ARTIFACT_MANIFEST.json,59351,a59fb16898d793b94a6339adb074d598e99140d68bb92e55f1d30b885019c1c3,eligible
e001_handoff/artifacts/attempt_001/REPORT.md,15038,ea5248c9484b78fb1117b0c732d44a38e1b5fedebef472a16b71c5be657e6d59,eligible
e001_handoff/artifacts/attempt_001/diagnostics/.gitkeep,1,01ba4719c80b6fe911b091a7c05124b64eeece964e09c058ef8f9805daca546b,eligible
e001_handoff/artifacts/attempt_001/diagnostics/direct_zero_training_smoke.json,565589,a6c69c3e1a081e416e616747de3a89937742db4512b8469018d5f8f77b5e92bb,eligible
e001_handoff/artifacts/attempt_001/diagnostics/postverdict_analysis.json,16978,8d4a6b4af6ec96d51572a7c2bc2af6f520638737231061df6fbc5f81f7fb7a1b,eligible
e001_handoff/artifacts/attempt_001/diagnostics/required_tables.json,6553,184eb9318a4c167075684abf60fc4ec03e40170bffbe6acdeb6b5b105c462bc9,eligible
e001_handoff/artifacts/attempt_001/figures/.gitkeep,1,01ba4719c80b6fe911b091a7c05124b64eeece964e09c058ef8f9805daca546b,eligible
e001_handoff/artifacts/attempt_001/figures/delta_nll_conditions.png,60671,13ea2e097dd32fb4e87884f9899a0536c04182c41acc7dbaa97fdf157cec4322,eligible
e001_handoff/artifacts/attempt_001/figures/gdn_translation_error_by_layer.png,41862,bdfa304bf76dc6bc0b4e2e0b228ba2928a6867e50fba82dfe72771a25a81b8ac,eligible
e001_handoff/artifacts/attempt_001/figures/kv_translation_error_by_layer.png,38212,484379788a3cad0c2e8ab1e95e84905051c24397dc154f0d591d5c7f393c26c9,eligible
e001_handoff/artifacts/attempt_001/figures/kv_vs_full_translation.png,76019,0b1dc011657240ca632b1fa7709ca45cd615eacf82b4d77a2b987c2115cf464d,eligible
e001_handoff/artifacts/attempt_001/figures/native_vs_handoff_position_curve.png,157454,0468b024e9ca2e9b291c3eb10aa335be40f696ca037baba92e192ebb1d7bdaef,eligible
e001_handoff/artifacts/attempt_001/figures/shuffled_state_control.png,77387,53431bdd9b95a2a8168f52a167f28aabca878400851973e14502c1e228072d08,eligible
e001_handoff/artifacts/attempt_001/figures/state_convergence_over_tokens.png,88342,b884e4d8adb5eef1b0abd2c6396aec0c117e36643e902a309c9b0966f65d0fe1,eligible
e001_handoff/artifacts/attempt_001/figures/target_quality_retention.png,39291,8819b549d8e233e5c2bd5ff0076d9b77646786432a5d1e0b27046c992c987a65,eligible
e001_handoff/artifacts/attempt_001/figures/timing_breakdown.png,60844,ba3eb0c6ff113a481ad6c79267a78030b2d87a35620be70de0f3ee5d3fe6c2d3,eligible
e001_handoff/artifacts/attempt_001/figures/verdict_summary.png,67451,4134827aef6904df0c8598092b49e6588c338d41bf562bf3566dd7ac4dcde561,eligible
e001_handoff/artifacts/attempt_001/implementation/REPOSITORY_AUDIT.md,950,7fd4191661b6ad7960f7dbcaa63b2b8ada146986d253f380e846ff6639dce7a9,eligible
e001_handoff/artifacts/attempt_001/implementation/architecture_correspondence.json,6867,04e6367fa47405b72e1f89d7874889896a992dee95bb2e449a6bc496833a4bb3,eligible
e001_handoff/artifacts/attempt_001/implementation/checkpoint_chunk_equivalence.json,492,68c1d84b1746f237be305ab50fd9f08c869a0af4a7b09f46d2e33d58204e30ca,eligible
e001_handoff/artifacts/attempt_001/implementation/final_test_results.json,394,1d8925eb920a2f881ebf82cba7feff840307fa08aaa90f356dc71e7f52a45ce9,eligible
e001_handoff/artifacts/attempt_001/implementation/final_tests.xml,7160,d35b7a8a38c0a7972368524be081bbd06c9b0fb83fbb3f52bf47dc0724b4e37d,eligible
e001_handoff/artifacts/attempt_001/implementation/learned_translation_install_smoke.json,85877,0ce63d81c95850ae47b9f881dd94b4cbcb180322ebc81472f2b456b006a885d0,eligible
e001_handoff/artifacts/attempt_001/implementation/model_revisions.json,1644,9f0c204327c01dde8abbb0aff588cce6fe3737c1a1921e4992c11f6c7dff8748,eligible
e001_handoff/artifacts/attempt_001/implementation/prelocked_test_results.json,479,c6c7d6af27e22fab3148075f070b8b016b3a850f0c295ecaa9c0d812f36f0948,eligible
e001_handoff/artifacts/attempt_001/implementation/prelocked_tests.xml,6110,b8afe78f24dfa22babebec87a9900a763c9afa0d5dba4007c9594d4a43ae9519,eligible
e001_handoff/artifacts/attempt_001/implementation/runtime_environment.json,625,2b724ec3c79eeafb44e9faad06a29b9fe324fbeca6758b81c21772d1aa9d2fb8,eligible
e001_handoff/artifacts/attempt_001/implementation/state_schema_source.json,107110,09fbd7188f64ea546c1fa02439b0a4c2b7a0217db8dd68983d61bfcaac34619a,eligible
e001_handoff/artifacts/attempt_001/implementation/state_schema_target.json,107110,65143cd05aebf940effae70689f63b92325d4056e9fdae00792788e1391f6161,eligible
e001_handoff/artifacts/attempt_001/long_context/.gitkeep,1,01ba4719c80b6fe911b091a7c05124b64eeece964e09c058ef8f9805daca546b,eligible
e001_handoff/artifacts/attempt_001/state_validation/.gitkeep,1,01ba4719c80b6fe911b091a7c05124b64eeece964e09c058ef8f9805daca546b,eligible
e001_handoff/artifacts/attempt_001/state_validation/same_model_restore_4b.json,217093,f31311513580202ef7878b5b85a953a866432c67c06067809d2eb7272fceb297,eligible
e001_handoff/artifacts/attempt_001/state_validation/same_model_restore_9b.json,217227,8513da6513c58b26f50b65a2b29393474e0f6a1bd7ccb342c97d6fe29080855f,eligible
e001_handoff/artifacts/attempt_001/state_validation/same_model_restore_smoke.json,27597,e50a63df79f267d153d3999892091b536cff6054b2166de112841288d7ff827b,eligible
e001_handoff/artifacts/attempt_001/timing/.gitkeep,1,01ba4719c80b6fe911b091a7c05124b64eeece964e09c058ef8f9805daca546b,eligible
e001_handoff/artifacts/attempt_001/verdict/.gitkeep,1,01ba4719c80b6fe911b091a7c05124b64eeece964e09c058ef8f9805daca546b,eligible
e001_handoff/artifacts/attempt_001/verdict/CANONICAL_4K_RESULT.json,2668,05bf7e2df42705cc752cff754dbfc1a5b67c3eff70c1921c909b0e842fac17d0,eligible
e001_handoff/artifacts/attempt_001/verdict/RESULT.json,2947,7290f0f16aca291c00fb80d4f0c8b35d13a6f9baf86758e4fb15481923e5ca6a,eligible
e001_handoff/data/MANIFEST_SUMMARY.json,3048,1be4f5162fd6fe9c9bf55f1cd2cb0faee1f675d7bdd2c94133a5f4e03ff2b7aa,eligible
e001_handoff/data/README.md,674,177181a483d76240ae2c92d551194888905e37f80080871844e77b1ca2a98edd,eligible
e001_handoff/data/fit/.gitkeep,1,01ba4719c80b6fe911b091a7c05124b64eeece964e09c058ef8f9805daca546b,eligible
e001_handoff/data/fit/manifest.jsonl,728187,aff342f57030a600aacb60a430a9215f530af9943b3b4cc62c5175b0ce985c40,eligible
e001_handoff/data/locked/.gitkeep,1,01ba4719c80b6fe911b091a7c05124b64eeece964e09c058ef8f9805daca546b,eligible
e001_handoff/data/locked/manifest.jsonl,1242683,f4d4e426e4b378c5648e1be7852286106cea5a02e43ae50dcc1f4ae8187e7794,eligible
e001_handoff/data/long/.gitkeep,1,01ba4719c80b6fe911b091a7c05124b64eeece964e09c058ef8f9805daca546b,eligible
e001_handoff/data/long/manifest.jsonl,1201255,7fb43fd49b4e86e3f157560d9e7fb5538120d89e6c2614c2f1f417b714ed7208,eligible
e001_handoff/data/validation/.gitkeep,1,01ba4719c80b6fe911b091a7c05124b64eeece964e09c058ef8f9805daca546b,eligible
e001_handoff/data/validation/manifest.jsonl,182187,0f536d6263f12cea92840f21ab0686b59d73260fcdebd1ee6e49a0f37e329da3,eligible
e001_handoff/runtime/__init__.py,52,e15cf5ee8c38d23113471772c1cf9c3eb96cac5d2cf69d5a75ac0fe86efa998c,eligible
e001_handoff/runtime/build_data_manifests.py,12029,8c593f2b8e6a869cfa5dd71b34d98f68eeea6595c434e75292fa470e4a5a8dec,eligible
e001_handoff/runtime/check_chunk_equivalence.py,2943,816517a9cfe31733c7b0b3fc4077e2bfcd60667c931ca51df4e6975cde5f1a89,eligible
e001_handoff/runtime/constants.py,1472,cf3a67e7371789601c94a97358e3aa5876d4bd7d9008a4d05c69610aef21ddaf,eligible
e001_handoff/runtime/direct_smoke.py,6969,61698fbd8b6011f75caf8d8926ad9e61afbe7d3fd47cd34abbba1262233dcb75,eligible
e001_handoff/runtime/environment.lock.txt,1144,7066fdfb476a4d78dc77bb7a6f4f9e2be9959ae3677bebf325ab90d51ba3acc3,eligible
e001_handoff/runtime/freeze_manifest.py,4846,e984aa9709e973fa35bc34190fd7e3d3a72d349d78a7e45105237a2fd718f96e,eligible
e001_handoff/runtime/inspect_architecture.py,5765,c7f73bff05fff2001d75559c33b7e5ad0d40fd55d2b1cd22a21708e4d4deba7c,eligible
e001_handoff/runtime/learned_install_smoke.py,5844,ec20f567480ee5bbeaa7b28f78158a43088c0f006f949f0993ec7b097d94d4b8,eligible
e001_handoff/runtime/lock_guard.py,2586,a6c21236f2a49eadbc1012af4ac8ca0c7648c48f77508b55c6be6a5597a198f9,eligible
e001_handoff/runtime/locked_run.py,21663,360bf3e9df6cc8eff90f689246b9f0b371dd2c994abeea5dec326e59642ee8b1,eligible
e001_handoff/runtime/modeling.py,4120,98e0874754eeac684a8ac647dffc7aed67a058916a900fefc6ab9c6e6b807310,eligible
e001_handoff/runtime/oracle_diagnostics.py,4250,6de53d70c5561656dd9979dae62ffb91b1aeb394c50ae8baa2ed6c8b4e863670,eligible
e001_handoff/runtime/paired_state_collection.py,11193,0a4a39b5a4aa349fa1a6245267f830f38f6459d71f415ed1c4a43dfa19cc96bf,eligible
e001_handoff/runtime/phase_a_restore.py,8580,b75c6f635679dd5c988a3e28891af2c8d96957c9307554f3222175d98f98e362,eligible
e001_handoff/runtime/requirements.lock,265,7a80a18a29330f7d941e454c6f3c8b0ffc0ca2f5ac1ceb59858f70dbd9f5c70d,eligible
e001_handoff/runtime/scoring.py,10078,0d75fd27223a81bb932a0d9b6d5474419859b918153a6472d56a7acf0c4e1223,eligible
e001_handoff/runtime/validation_contexts.py,1385,5721b3b42f8d584963cbd7ca298f924162fc557a3257fa0659846ea8db59ee9c,eligible
e001_handoff/state/__init__.py,61,6023a8a85105b1f9906e61c0d2e5becccce16db87dcb5b83da0d4775c93bd413,eligible
e001_handoff/state/cache_state.py,14867,4052eecaa1de1ad5a701e94f997f3e3a2b2274138ea55bba51130b0da5e71abe,eligible
e001_handoff/state/convergence.py,5348,58577fcb11c97c5584a2e4ad016d5d3ace93024ed62dd073226c12b712ce291e,eligible
e001_handoff/state/schema.py,7660,a7394c757314e8bf11c58624099f4e8854ff222abd5dcd29a0b4d04eb2bb37f5,eligible
e001_handoff/tests/__init__.py,58,3e8330aacd1f0e7bbbd4ebe4531e86dee15ba7c64f120f0525c089f9ae1757f1,eligible
e001_handoff/tests/test_bilinear.py,2088,3ac69352829ba5a4b1060977bb14b23ab779d9a0be54c92e61294cf4541ba5ae,eligible
e001_handoff/tests/test_data_and_sampling.py,1839,791b62b167b8b4fd4664478043191b7b7fceea3151c48b1f5e05648d1ac24cb9,eligible
e001_handoff/tests/test_final_artifacts.py,4340,b2f26620b9eff8d7e9398f151ad4b377fd6638d389a939cb88cce1d68a2ffa54,eligible
e001_handoff/tests/test_protocol_gates.py,12536,68360d7ff9f9ee75d7814a2eaef5cd528c806e2b2f6ac3293bda9eeab4f183cc,eligible
e001_handoff/tests/test_ridge_and_rope.py,1600,8402a01c4a03092482c2f7657f1b8e1ca024902628c193c8bd4530fa8cc1213b,eligible
e001_handoff/tests/test_state_cache.py,2190,79ffc1ab3ff48d713427e9f3bcfeb0685dbd94dc9248bcf3d824694f7c2f0558,eligible
e001_handoff/translators/__init__.py,43,c3364af60a66eb1993130debc6e216c0820df519d684acc39793eb4b62ae07dd,eligible
e001_handoff/translators/bilinear.py,6735,ead182249a3470c88c35f5152b97eb6de682253494dcfc7e4b65c80ff20c3555,eligible
e001_handoff/translators/fit_linear_translators.py,11631,1588fd176ce1b9b20cb9a14a6d15a0de649a10161227c226923bf37c1d5beb62,eligible
e001_handoff/translators/fit_recurrent_translator.py,6834,fc08fc59daf05a7fd9257946e1575c55d58b958914e6ac5747b35e99bbe88212,eligible
e001_handoff/translators/frozen/gdn_convolution_translator.json,447251,c1d81bcd442bb67937bf6e18c427edfe6ec6f9e3bace2eed1045d282d8366de3,eligible
e001_handoff/translators/frozen/gdn_convolution_translator.safetensors,103840600,2b580b1952f9835c9954850a4ea48ee986f1bb2cd0daca351a641e0c59e49a55,ignored_local_artifact
e001_handoff/translators/frozen/gdn_recurrent_translator.json,247873,5bfd7e27ce20be99c7fef9e0b94c47f5b243763faf1760f23ce2c21e30d328be,eligible
e001_handoff/translators/frozen/gdn_recurrent_translator.safetensors,201339648,f5db76bfb3e32b3ae8950bfaa67259725d77860145779e7b527157a51e0f9892,ignored_local_artifact
e001_handoff/translators/frozen/kv_translator.json,17965,fbbe13d9818f8933592aa432950b282a096a5a1c2f74d59860c8cf0bb8a5058b,eligible
e001_handoff/translators/frozen/kv_translator.safetensors,17042160,d4b11e27da1ca504dd0ab3188e31587560baf33a4b0fc3faf811833f8998b257,ignored_local_artifact
e001_handoff/translators/ridge.py,5944,79b1b16e1634615f5a7101309e4eaa611ea949118d6daac846ddd2471280900b,eligible
e001_handoff/translators/rope.py,2190,c6dc28b5f8b4b4295417d4cad161b898c1a6f8174fa8fbe555971378cc401e1a,eligible
e001_handoff/translators/runtime_translation.py,9138,8c766e7a04f2ed0357f70d6b6b033a76f57d6e4ab171d1ad066db6ed3f81f0a3,eligible
e002_coupler/ADAPTIVE_RESEARCH_LEDGER.md,2557,d722276d2c17f30b1a6c64da4337c39fe3c8bbd9b48a4af114684bd76369d1a3,eligible
e002_coupler/FROZEN_MANIFEST.json,14865,4ea9e85a2450a6c0f8dbb979f6ecfba32d4f45606103a946a32595208359070c,eligible
e002_coupler/PREREGISTRATION.json,6636,b5f220ac131c03bcd9f1ede4a210ba87d8df13dc1b3da861ffa214dc18b7a374,eligible
e002_coupler/PROTOCOL.md,4118,f5b1f6b944958a7bede0c5e43c69d2c5d8479c333fb4f451d073658955191c9d,eligible
e002_coupler/__init__.py,69,6c8ec1c53c7fb4c097ae6445c0c675826c25b360702e02596a4fbd09d5de993f,eligible
e002_coupler/analysis/__init__.py,52,f811be6175b2e80d2964b058a36f9e876043113e168596f05fe9b48e05f3a966,eligible
e002_coupler/analysis/audit.py,3993,387c477dd3fcc7b87a507750510daa1feeeb1658901de30021a9181c3bc8618b,eligible
e002_coupler/analysis/finalize_result.py,7352,5c33d051f273cee00fdc61af99a03ddbb4b0208b2031ddd57c42c8fa5c3e284d,eligible
e002_coupler/analysis/freeze_final_verdict.py,1949,c7de070c9a69b36cbdcbd917a44ac16a4507434c7ef270af5e61069daaafbb30,eligible
e002_coupler/analysis/generate_figures.py,13164,0222c0ed7ec5266deab28dd39e44459b956431bba24c74d221fa712ea9c50488,eligible
e002_coupler/analysis/locked_analysis.py,11021,dc9d331dd4c84c626cd4dd993bcfb4054b767c94c982ea9d824368511130e5f3,eligible
e002_coupler/analysis/metrics.py,927,f052a6e0af6b07af3f4c6e303e6e2391a974fd23e84210514de25963f9fbb5ad,eligible
e002_coupler/analysis/statistics.py,3822,1efcd38c98de8de171dcd833fc96b51099ea71c71f41349167b0408748860426,eligible
e002_coupler/analysis/verdict.py,3825,a7590c38454bd8e09831b75f48e9f500b3908c18763a059c24a8cab146bbd4af,eligible
e002_coupler/analysis/write_report.py,21515,29cf9cb418fe2fe8c57832a6cfc3ab1cc4ffb53e8232e97c8729b662dceef315,eligible
e002_coupler/artifacts/attempt_001/EXECUTIVE_SUMMARY.md,1146,febb881b3b65747770af68597388ab85619d0286eab44bd04bd78c9a1aa7316e,eligible
e002_coupler/artifacts/attempt_001/FINAL_ARTIFACT_MANIFEST.json,455123,c722b4d738510a3a77fc08bab5a94547e8a3fddfbce88b357bfcacb3bae96eb8,eligible
e002_coupler/artifacts/attempt_001/REPORT.md,11903,7a440b433c40fe812d7add760eeb80f57ef3c8a00e62eea5bb3b095389709ee6,eligible
e002_coupler/artifacts/attempt_001/diagnostics/.gitkeep,1,01ba4719c80b6fe911b091a7c05124b64eeece964e09c058ef8f9805daca546b,eligible
e002_coupler/artifacts/attempt_001/diagnostics/postverdict_ablation_raw.jsonl,3781811,5eeaaef39bb420c8bf24dd84f92accffbe179ebdd5ae9f8e82c1c42625f79681,eligible
e002_coupler/artifacts/attempt_001/diagnostics/postverdict_ablations.json,2024,b153c9c77f41339f3b87c67256a7097fd969103a00acd33d9daa1240c95221bf,eligible
e002_coupler/artifacts/attempt_001/factorial/.gitkeep,1,01ba4719c80b6fe911b091a7c05124b64eeece964e09c058ef8f9805daca546b,eligible
e002_coupler/artifacts/attempt_001/factorial/base_state_selection.json,13096,cc9c60862d970f34a0988d29fe647d54ad93227cf30853a2e187b5fea5a93396,eligible
e002_coupler/artifacts/attempt_001/factorial/documents/document_000.json,231874,64425f798198ea895a7e120bacfac5fda6043a8e77041f64b908d82a91daa530,eligible
e002_coupler/artifacts/attempt_001/factorial/documents/document_001.json,231584,25149a42fd3e160a8d131384c2ebc4521376d57489be43fe2b566886503af7a9,eligible
e002_coupler/artifacts/attempt_001/factorial/documents/document_002.json,231346,318d833abaeaff8da5ec8b3272569ce3215a80f90ad3588ee40ec26cd1d893ec,eligible
e002_coupler/artifacts/attempt_001/factorial/documents/document_003.json,230753,e0bd2dbb6f20b1aa5314467ab811b3a3e1c309b56d7c0188ee65d96e4db2ec43,eligible
e002_coupler/artifacts/attempt_001/factorial/documents/document_004.json,231572,cadf38830b4c56825465e0428318f2d807e46d86596aab6335c7d2594ac11b4f,eligible
e002_coupler/artifacts/attempt_001/factorial/documents/document_005.json,230908,0c8f1632625196e93fe694ea3e2a6741782d66adc780e8f1040c86ee5f567cd7,eligible
e002_coupler/artifacts/attempt_001/factorial/documents/document_006.json,230914,75d91fb539727cc7b6e4df12a681c10b4b04f79de6f9257d221302e79b66eefe,eligible
e002_coupler/artifacts/attempt_001/factorial/documents/document_007.json,231528,09949b6c8a06d5c46ab3ca4afb87526cde74e032e3e8ab574bacdcba9964b68a,eligible
e002_coupler/artifacts/attempt_001/factorial/documents/document_008.json,231870,393129b3bbb0b0f0afc993005212a8dd1d1c3a37773a64542d5c024f2e0a1354,eligible
e002_coupler/artifacts/attempt_001/factorial/documents/document_009.json,231732,e559429c29cf0492dc636fb6d53b8f55a2c1ffad02a15746f3837baf94b121c0,eligible
e002_coupler/artifacts/attempt_001/factorial/documents/document_010.json,232262,7571f1a9d3d35c5162ddfa9eb4eadfd3c6335eb65728969110a6bd9fab43983a,eligible
e002_coupler/artifacts/attempt_001/factorial/documents/document_011.json,230947,a53a8cd9270759a746f7216ea14c4244402d65a959365f6c2fdd42a81688501b,eligible
e002_coupler/artifacts/attempt_001/factorial/documents/document_012.json,231434,044db1d3a2ae1b7edbff3cb55bf33e6998e2f401bce05fa4794ef86170368e3d,eligible
e002_coupler/artifacts/attempt_001/factorial/documents/document_013.json,230376,8743ee7f6940192fba44917dd04e9232e3cbb7e6492074b373b4cfce3cf3728e,eligible
e002_coupler/artifacts/attempt_001/factorial/documents/document_014.json,231377,8a6e5ac891d5fdd8210aeff68405f097577fe2878ee6632ff42f7effa4d0367a,eligible
e002_coupler/artifacts/attempt_001/factorial/documents/document_015.json,231997,83176320562726a8156a8798669a34ccaa7c5fc9f174cb20b72fdeb7fdf41044,eligible
e002_coupler/artifacts/attempt_001/factorial/documents/document_016.json,231606,87c91ca1c49ad3d6adf255dfa0b5423f4cecb20334aab8aa39e606b4b4e04d94,eligible
e002_coupler/artifacts/attempt_001/factorial/documents/document_017.json,231491,f1df42f8f1a7b62427fc107addff16ca7cc071e0048a2238d33f73ce8c777351,eligible
e002_coupler/artifacts/attempt_001/factorial/documents/document_018.json,232687,4eb749f246bc5dd574d754825b4c225224772c398e50417b11f74a930ccee5df,eligible
e002_coupler/artifacts/attempt_001/factorial/documents/document_019.json,231460,560551da06a937968d58ff01d6b113497dacc6b333f7751c3c1d3697aca1b08c,eligible
e002_coupler/artifacts/attempt_001/factorial/documents/document_020.json,232653,2caa75194ec58b57e330e6e1a08a95e99fef2a056d6576442a8eee5f32d3560b,eligible
e002_coupler/artifacts/attempt_001/factorial/documents/document_021.json,231107,e388a18c71cda4a93db0b8b9b0b0715edc7329810943f6fcc8105916979a37d2,eligible
e002_coupler/artifacts/attempt_001/factorial/documents/document_022.json,231233,f34c50e55271f393e39352ea05f36d425089cf6db6af3c26012dd2015618c9e5,eligible
e002_coupler/artifacts/attempt_001/factorial/documents/document_023.json,231124,f50f934e1d4124bbf3cb332b0bfb7a9ad72cebd7ba0723fdb0f001a302bd612f,eligible
e002_coupler/artifacts/attempt_001/factorial/documents/document_024.json,231677,f502018aed045d627ee7c295ba1e019df59cc17f4f2537b8d8f0debbaecaa839,eligible
e002_coupler/artifacts/attempt_001/factorial/documents/document_025.json,230194,607d8d500cd379db3de3f13797a62232719cf71fcab1f573250842846f033481,eligible
e002_coupler/artifacts/attempt_001/factorial/documents/document_026.json,231680,4dc196fbacd78649df8c9ad6865e46e07c40496a0efd7c801eb486d9d3b5ae82,eligible
e002_coupler/artifacts/attempt_001/factorial/documents/document_027.json,230673,11b786d1b85fded9aa298e274b66cebd2ef513cdbb42aa191e507e3b67d7a2a8,eligible
e002_coupler/artifacts/attempt_001/factorial/documents/document_028.json,235428,6e37c9a746ffac76bc3aa4872848535f43bc4cd59d40876a11a2f765d12c2404,eligible
e002_coupler/artifacts/attempt_001/factorial/documents/document_029.json,231032,4163b0f2441df1ed64c3f8d66f7321b680776815737e265850069a24b7a9e4de,eligible
e002_coupler/artifacts/attempt_001/factorial/documents/document_030.json,230665,c54a63f67055fb10041cb95c6462a6c9bd6c5ab6370b9092cb8bd06762b3ec49,eligible
e002_coupler/artifacts/attempt_001/factorial/documents/document_031.json,231849,d3fc815bb2f178c0612adaccf9132ea3bf183d8a53aaa5612bd538229ef870be,eligible
e002_coupler/artifacts/attempt_001/factorial/factorial_validation_statistics.json,13096,cc9c60862d970f34a0988d29fe647d54ad93227cf30853a2e187b5fea5a93396,eligible
e002_coupler/artifacts/attempt_001/factorial/raw_evidence.jsonl,4336713,f26c1f74dbf1193b20b4e9a553c8302e17588c2611312de5c3dc0d2d4260110d,eligible
e002_coupler/artifacts/attempt_001/factorial/source/source_000.json,511,de3c25e3d69e3d2c323c6118be0433552e6479204d0493d100516e1fa9bbbc9b,eligible
e002_coupler/artifacts/attempt_001/factorial/source/source_001.json,512,aea87a1f4fa591a48724886fbba5afcaae3c2dba5ef7c24efdaf612a053a41bd,eligible
e002_coupler/artifacts/attempt_001/factorial/source/source_002.json,512,91c95f654e2b6463797235e8cc137efc8eb0cba5395640b271ceb9c701739de4,eligible
e002_coupler/artifacts/attempt_001/factorial/source/source_003.json,512,7f1ff4a67c89a8595e0e9925dc9127eb49c0723c5caf3080af2fbfce9f4ff153,eligible
e002_coupler/artifacts/attempt_001/factorial/source/source_004.json,512,bda41a98b5291608576d0c26d5e458cdeacb6ed5a27281c1f79da4233f5f69f7,eligible
e002_coupler/artifacts/attempt_001/factorial/source/source_005.json,512,7ff98c09d7c72270d5c594bdb72aa5c20f7787afc8af258ee40c498e580b7c19,eligible
e002_coupler/artifacts/attempt_001/factorial/source/source_006.json,512,abc1bbd3f8266c0af836c46c46ebfe3d5d2b4e88ac6f77f13b781072841f11b0,eligible
e002_coupler/artifacts/attempt_001/factorial/source/source_007.json,512,1a09bdc233a944f42196e8ecf1b15accb54c08adc4cf5a19b4f4555b28ab72cd,eligible
e002_coupler/artifacts/attempt_001/factorial/source/source_008.json,512,6a47c5c47096ef4a7e49b8ee0809bf4af30f728d9b1ea6e2086fa6235a970556,eligible
e002_coupler/artifacts/attempt_001/factorial/source/source_009.json,512,329c927959d0160981edbab59566a8872ee9c0dc2204ddf2d2a151117a7c87e5,eligible
e002_coupler/artifacts/attempt_001/factorial/source/source_010.json,513,d72152f45e2c4e563561f5178dc0e233f4c1b97c03c91a454ca331db8e143595,eligible
e002_coupler/artifacts/attempt_001/factorial/source/source_011.json,513,99abebe8befae5a849e4b81fa344b5e325489eb7606d2258e664a8d91930a4bc,eligible
e002_coupler/artifacts/attempt_001/factorial/source/source_012.json,513,da943917c3422ab5fbc307d51f83e39092c752469c449e83dfcbe6527ba5daa5,eligible
e002_coupler/artifacts/attempt_001/factorial/source/source_013.json,513,e092e07950c17a1f3f303fcf84634242dcaec96772c2cc1ec27fade35e139baa,eligible
e002_coupler/artifacts/attempt_001/factorial/source/source_014.json,513,d087154510063bf9c2d496ce8df12c2e2290c48dd9ca8122cd147f5c8f757ca3,eligible
e002_coupler/artifacts/attempt_001/factorial/source/source_015.json,513,1b2518af6206a46fbda0cac4feef0026d91b78aad555c768399ccb1c5ffb442c,eligible
e002_coupler/artifacts/attempt_001/factorial/source/source_016.json,513,5237e40a77aa8f9b05a5d23b131c7970d09c8d63bf40d6e0acfe783bf176c745,eligible
e002_coupler/artifacts/attempt_001/factorial/source/source_017.json,513,923c975d2f99f301ce9a3f2f73975656c65b689d48bf7aa0856fa79ffb293ad0,eligible
e002_coupler/artifacts/attempt_001/factorial/source/source_018.json,513,445b124c527b922349cbca486f8e19131dfd34f59c029002db89db9b58fb783f,eligible
e002_coupler/artifacts/attempt_001/factorial/source/source_019.json,513,b28f23d2c263f4d2e36a1946da7fae4844a60b15f108ddc9e14d19d903c5f640,eligible
e002_coupler/artifacts/attempt_001/factorial/source/source_020.json,513,45600a1b22aa0078f3fdf1217150952e279a398757f7c613b918a83e0f3c4c21,eligible
e002_coupler/artifacts/attempt_001/factorial/source/source_021.json,513,b4e095f3722bc2562664774dc0a712f0cd085c70980affd986ff7af2afcaf9cd,eligible
e002_coupler/artifacts/attempt_001/factorial/source/source_022.json,512,372a338ed0559390ae340f0be29bc265731f39cfcee6c0776c399d078b149736,eligible
e002_coupler/artifacts/attempt_001/factorial/source/source_023.json,512,a03e71afa61e10ae7f723910b92d27c3b9bbbdeffa7ca9dfe3aff5586e1b2ca0,eligible
e002_coupler/artifacts/attempt_001/factorial/source/source_024.json,513,223e2d6525954bf99600276772a5cb8669a5c097d7b438d42a4eae90b6e853b8,eligible
e002_coupler/artifacts/attempt_001/factorial/source/source_025.json,513,6b19c4eb823b5b07f04ed8f0c8e1ee22a7eb22af23132fa521ed1ea111a4c92a,eligible
e002_coupler/artifacts/attempt_001/factorial/source/source_026.json,513,4c4bb6d8d2db4dab23b7d5f986020af6f99526470cb2b539bdfd249d5f0e6cec,eligible
e002_coupler/artifacts/attempt_001/factorial/source/source_027.json,513,8621438393cc803e9ef758ac1890bcf0b16991072dc83e2db58d3506b43033c0,eligible
e002_coupler/artifacts/attempt_001/factorial/source/source_028.json,513,5e692327e4d39ed8387f1530424a07fdf4d5287293a0768b9da463f0f7419b37,eligible
e002_coupler/artifacts/attempt_001/factorial/source/source_029.json,513,35a4f31f4859caf905bb66c104e8248e88a735ad46107ff2c3c05e89be2b8cc5,eligible
e002_coupler/artifacts/attempt_001/factorial/source/source_030.json,513,c0f09485051472b37a2a50548a9d90bd44ef90accdc20d513db63e3b07bd6808,eligible
e002_coupler/artifacts/attempt_001/factorial/source/source_031.json,512,c12c9648a218dd92d20ce0d4c25919390a5e75b0c3d2980e0d47fe1fed68b9f7,eligible
e002_coupler/artifacts/attempt_001/factorial/states/source/source_000.pt,186144035,1d3da25289730d044e7cd8d297c42e76cb4eb839a15d7356070fed50a8394151,ignored_local_artifact
e002_coupler/artifacts/attempt_001/factorial/states/source/source_001.pt,186144035,1476c6330878bceed2d4be4932db7aee96d9796d26df548bc93bf41764cfe5f2,ignored_local_artifact
e002_coupler/artifacts/attempt_001/factorial/states/source/source_002.pt,186144035,e026b6b83fbbcbd20a1c518ee14442ca7199fbd4c19004091cb64b2bb32fc192,ignored_local_artifact
e002_coupler/artifacts/attempt_001/factorial/states/source/source_003.pt,186144035,6cf36c8dfe54644dec1ac21afa928b2e5d71feaed9e6ce5c7b6661ae01d2e9b3,ignored_local_artifact
e002_coupler/artifacts/attempt_001/factorial/states/source/source_004.pt,186144035,a7dbb3f9fdc49d7a762553276ca4761756fac573035dd9fcccdf2daaf06f4ef9,ignored_local_artifact
e002_coupler/artifacts/attempt_001/factorial/states/source/source_005.pt,186144035,330010b0e7429aa0d836865580a8fd9ef686c8b6a18bed7b9f928ccf192856ea,ignored_local_artifact
e002_coupler/artifacts/attempt_001/factorial/states/source/source_006.pt,186144035,2b887bfd2ce538c63c18e3d4f38fcc6283c4393d0d3a94275a8be0f7c36b0b7d,ignored_local_artifact
e002_coupler/artifacts/attempt_001/factorial/states/source/source_007.pt,186144035,97b908c1205eab0ab0fb09d3cc45c290eda0b94d83761564834282d4703d3cbc,ignored_local_artifact
e002_coupler/artifacts/attempt_001/factorial/states/source/source_008.pt,186144035,8ec909dc9031c698e3d644179f13264950573ac80e56fbca5abb723c5a7818f6,ignored_local_artifact
e002_coupler/artifacts/attempt_001/factorial/states/source/source_009.pt,186144035,17f544f416b61a3e6054d3d09acd80b8956ff62a4e47c99d09421a8aa2b891b6,ignored_local_artifact
e002_coupler/artifacts/attempt_001/factorial/states/source/source_010.pt,186144035,7bd1e10b4046462d6b5c42050da62d1faddc0ffaaa2091fd3310d2c04d6f9885,ignored_local_artifact
e002_coupler/artifacts/attempt_001/factorial/states/source/source_011.pt,186144035,2803a66cd5f9f5b084d74faa177cb6ad5bbe08fe55bd3adc554ca0a604f37f18,ignored_local_artifact
e002_coupler/artifacts/attempt_001/factorial/states/source/source_012.pt,186144035,38bde8b346a841e8a347c5e9cb769a3f4b4e8819d27b4f1192a2adfaef4589df,ignored_local_artifact
e002_coupler/artifacts/attempt_001/factorial/states/source/source_013.pt,186144035,b337b6de009e7ad522dfb89000ae40ff6d80d917c152d6f688ea187c0983b7e6,ignored_local_artifact
e002_coupler/artifacts/attempt_001/factorial/states/source/source_014.pt,186144035,e065af82df68e5aa3f0c94ffe9b047f12da44294985733454052fcfb48caeaa2,ignored_local_artifact
e002_coupler/artifacts/attempt_001/factorial/states/source/source_015.pt,186144035,0a9dc53160664e1bf85f07b9a498c010722c1046503323ee8cb0e86dda824f1b,ignored_local_artifact
e002_coupler/artifacts/attempt_001/factorial/states/source/source_016.pt,186144035,638dca77325a2e3bf31fdf1fe029d06fb50f1a7371ae3655442e8b3c1095c9ec,ignored_local_artifact
e002_coupler/artifacts/attempt_001/factorial/states/source/source_017.pt,186144035,20d3086847b03c26fc2b2702f54a687f17aa46de2e62b41a596cdfe083314f9b,ignored_local_artifact
e002_coupler/artifacts/attempt_001/factorial/states/source/source_018.pt,186144035,8fd2763df88d2f2f2b9ea003c63de6e73a61d1c5ff31d7876b700480cabf6c76,ignored_local_artifact
e002_coupler/artifacts/attempt_001/factorial/states/source/source_019.pt,186144035,dc5cfbafe9e05a3b106b640a77829291fdba9704e06de5dab0c8eb5ecaba86e8,ignored_local_artifact
e002_coupler/artifacts/attempt_001/factorial/states/source/source_020.pt,186144035,909657461bb6bbb8536298440bedc47ebb870a740822b118e3b42b7fc4e93359,ignored_local_artifact
e002_coupler/artifacts/attempt_001/factorial/states/source/source_021.pt,186144035,3998db4df236b5e67d9327194379007d91670a0ae89a6eb9b5bfc99d7b4e55a1,ignored_local_artifact
e002_coupler/artifacts/attempt_001/factorial/states/source/source_022.pt,186144035,291937b48f57d214f6f39dc10ab146de3ac1f35b3584f3e84aea75cbce9ecbe3,ignored_local_artifact
e002_coupler/artifacts/attempt_001/factorial/states/source/source_023.pt,186144035,72d6eaad7f0f67c2c028d502dd931664dc7dde6eca262e45e0b9eab5268077d1,ignored_local_artifact
e002_coupler/artifacts/attempt_001/factorial/states/source/source_024.pt,186144035,79680a395b7b6343972bdb22bbf2c495fc2999de138ca358828264981cfb0672,ignored_local_artifact
e002_coupler/artifacts/attempt_001/factorial/states/source/source_025.pt,186144035,ddf574f220d16a258672803e00759a5542bb93a52ece9d9d81c97e50bfde729e,ignored_local_artifact
e002_coupler/artifacts/attempt_001/factorial/states/source/source_026.pt,186144035,7ead402052771a097e30f7003b8a10050f23fed802886c43f7d50352f7706bcf,ignored_local_artifact
e002_coupler/artifacts/attempt_001/factorial/states/source/source_027.pt,186144035,3dc3345448b797041460fff4e54447745ecb645826b66cdbaccbc6355ffe15c9,ignored_local_artifact
e002_coupler/artifacts/attempt_001/factorial/states/source/source_028.pt,186144035,b1b8c3942bb511773b070a1baca02ae801cc8e86423127d103eb0fd033df3af8,ignored_local_artifact
e002_coupler/artifacts/attempt_001/factorial/states/source/source_029.pt,186144035,f716b828783e16a11dfb1615bea592761a93c97eee73d11ec2ba1fe48179aef3,ignored_local_artifact
e002_coupler/artifacts/attempt_001/factorial/states/source/source_030.pt,186144035,272ba308a4f7c31d56e9f7b481d42cadf8e62bddf33aee88f7f352079aa00a82,ignored_local_artifact
e002_coupler/artifacts/attempt_001/factorial/states/source/source_031.pt,186144035,d597e1f7051c22a53b43c6a9c653e98fdece10ceec1537e94f8e064a9113385b,ignored_local_artifact
e002_coupler/artifacts/attempt_001/factorial/states/translated/translated_000.pt,186144035,a1af36480ed49db5c32c6c71a73a650b538ec31bd3d62a972b2d34d98c229e06,ignored_local_artifact
e002_coupler/artifacts/attempt_001/factorial/states/translated/translated_001.pt,186144035,934c61b894f351ee2143f67326e20bfccd835195ab589bb410e64c16c034dc8f,ignored_local_artifact
e002_coupler/artifacts/attempt_001/factorial/states/translated/translated_002.pt,186144035,6a12f26da114de614ab503542addd0a13c4aa65add114319efded110da071e9f,ignored_local_artifact
e002_coupler/artifacts/attempt_001/factorial/states/translated/translated_003.pt,186144035,24ccce283549a80924437203d5674a5fa245ac7e41e21184e10628095f3cbd7d,ignored_local_artifact
e002_coupler/artifacts/attempt_001/factorial/states/translated/translated_004.pt,186144035,89f189e03b0fa30c30ce481f7405f1c02ae13a8c9d570df838a3a7acb2915d93,ignored_local_artifact
e002_coupler/artifacts/attempt_001/factorial/states/translated/translated_005.pt,186144035,3cf7a26a8254468af18ae611e283e0b2421b146f61677cc1df1a055088aca020,ignored_local_artifact
e002_coupler/artifacts/attempt_001/factorial/states/translated/translated_006.pt,186144035,4da517a02140ccd127a0d7b0ba6538654d412db7bab883a4384d22e30ed90f6e,ignored_local_artifact
e002_coupler/artifacts/attempt_001/factorial/states/translated/translated_007.pt,186144035,8e9ed08d7bd4926e4e700397ded500e839a27012378dcd6f13ccd6a9a96fbc9a,ignored_local_artifact
e002_coupler/artifacts/attempt_001/factorial/states/translated/translated_008.pt,186144035,313b570a6d38cf4757334233aa116464426f5e488aad89b50c619589ea10aefb,ignored_local_artifact
e002_coupler/artifacts/attempt_001/factorial/states/translated/translated_009.pt,186144035,4687bc4911cc5a005d9acba0a07d2c6c9b3018e6434e380155ec841195e6ec3f,ignored_local_artifact
e002_coupler/artifacts/attempt_001/factorial/states/translated/translated_010.pt,186144035,e61207dc7f3d1fc985a96985bd199cf353e5ababf742440080de202fa7de96b6,ignored_local_artifact
e002_coupler/artifacts/attempt_001/factorial/states/translated/translated_011.pt,186144035,099920f495f4ab2d38c5c6f859abd3cb806e6ef31aaf551b54d4532caf5e292a,ignored_local_artifact
e002_coupler/artifacts/attempt_001/factorial/states/translated/translated_012.pt,186144035,51254c282d08bd7cb46412629b7ed9e88cc06f7f42af54526c0a2d4bedb03608,ignored_local_artifact
e002_coupler/artifacts/attempt_001/factorial/states/translated/translated_013.pt,186144035,c92f7dc8d1ba4dfe69d2b28f9cfea8817c0baee4b993ce996d3bb9b96920e7b0,ignored_local_artifact
e002_coupler/artifacts/attempt_001/factorial/states/translated/translated_014.pt,186144035,0f14900e00449498f1afaa6da059ce860e17b6b8c90a93aa80bb6b2063d0a87e,ignored_local_artifact
e002_coupler/artifacts/attempt_001/factorial/states/translated/translated_015.pt,186144035,f8dbebe9bfabb8eae1c0f865c95b59092367ea337f4f5357362a643b3d446c79,ignored_local_artifact
e002_coupler/artifacts/attempt_001/factorial/states/translated/translated_016.pt,186144035,91bf74eb18980340072182b04befe89618f0321598386dc6308d9394bd3e4f42,ignored_local_artifact
e002_coupler/artifacts/attempt_001/factorial/states/translated/translated_017.pt,186144035,6bba4658d2911da6b8b13a556e0545738ca36f7c49809f522a14eda86c147e86,ignored_local_artifact
e002_coupler/artifacts/attempt_001/factorial/states/translated/translated_018.pt,186144035,165f8150fb2dc57ca1bfbab48fd3a05d9e733774994aa79280e15c8f9c361277,ignored_local_artifact
e002_coupler/artifacts/attempt_001/factorial/states/translated/translated_019.pt,186144035,ac430b004b71f24dd42b825a2cbc899b3d09ba9b830bccb2920b28dd9b121375,ignored_local_artifact
e002_coupler/artifacts/attempt_001/factorial/states/translated/translated_020.pt,186144035,7bad047ad1717ae4d7b9bbea3f3f6f51203954bbfdc57c478f7062b719867603,ignored_local_artifact
e002_coupler/artifacts/attempt_001/factorial/states/translated/translated_021.pt,186144035,e57259a2199267ed0d4d3f244a7ef57eea840635b85b53932318a5b7387e5d07,ignored_local_artifact
e002_coupler/artifacts/attempt_001/factorial/states/translated/translated_022.pt,186144035,f46140896a82334263ddd5ef1fbc06e2964403e0523294ff0613e0a8ec7ecc1d,ignored_local_artifact
e002_coupler/artifacts/attempt_001/factorial/states/translated/translated_023.pt,186144035,3a742c8c3aaecbd1ec93abdc831367619ab143a383f1c32ea73fa80f9327bcf0,ignored_local_artifact
e002_coupler/artifacts/attempt_001/factorial/states/translated/translated_024.pt,186144035,f81905c383dd03523309d9d8670cca668e12ebd57a2b3b527057ecbb91cddd18,ignored_local_artifact
e002_coupler/artifacts/attempt_001/factorial/states/translated/translated_025.pt,186144035,ba179aaa0327c889c11333e82010b3dd0a68816d31be1480b7ea8d408b68114e,ignored_local_artifact
e002_coupler/artifacts/attempt_001/factorial/states/translated/translated_026.pt,186144035,38fe716ad0a1b92a8bb36b73d7f82e748965f5e5133ee443f00c21e87d12c1ca,ignored_local_artifact
e002_coupler/artifacts/attempt_001/factorial/states/translated/translated_027.pt,186144035,11a0d4e0f1ae6ffbab81fba145befa16e76852c0e828ceda079bd3376b878cef,ignored_local_artifact
e002_coupler/artifacts/attempt_001/factorial/states/translated/translated_028.pt,186144035,f319cef892072b556600dde6c1a0894976f605b723911f6286b9ca6bf2f2e376,ignored_local_artifact
e002_coupler/artifacts/attempt_001/factorial/states/translated/translated_029.pt,186144035,71aaf0a6f7b0e0de9c5c551e631b87e9d61d864ec60ff157a9f2f589c2473159,ignored_local_artifact
e002_coupler/artifacts/attempt_001/factorial/states/translated/translated_030.pt,186144035,b590ac9bbf28eaff0ce03201c19d89d5fc3a38933a8d0b4f74b4d357fdf7ef02,ignored_local_artifact
e002_coupler/artifacts/attempt_001/factorial/states/translated/translated_031.pt,186144035,826d0f7694b62baeba83b883eb4796c2dc6032ddc377334c3a39e70e351396e5,ignored_local_artifact
e002_coupler/artifacts/attempt_001/factorial/translation/translated_000.json,898,ff636c8dac4eda340ca5d049d0a1e46169793af9125e1972141ad4b4db7f3bac,eligible
e002_coupler/artifacts/attempt_001/factorial/translation/translated_001.json,902,3521fc9c44956003192fc56537421354be0d709bad0b6ac58312255184cdb26b,eligible
e002_coupler/artifacts/attempt_001/factorial/translation/translated_002.json,900,4332fe86507dcc516e927c2a760099324402250f9f7bd1b3abf69e53bbf51548,eligible
e002_coupler/artifacts/attempt_001/factorial/translation/translated_003.json,900,93d7bd64d8c34ea72d7f3a1db9679a39c1f84a2b52a0253ad90ff83ef151c113,eligible
e002_coupler/artifacts/attempt_001/factorial/translation/translated_004.json,900,3de2bf9db5a66fdcd3a6f17162cc88decde7f344544dfb8f53a07cf635b003e5,eligible
e002_coupler/artifacts/attempt_001/factorial/translation/translated_005.json,902,96874e1c1f28006db447464634d00102dd36efa62682c837017a4ba465a4052c,eligible
e002_coupler/artifacts/attempt_001/factorial/translation/translated_006.json,902,7a42c93f94f27a7c5c3133fab3d144e939f18c75ef971683653811f1753cb9e6,eligible
e002_coupler/artifacts/attempt_001/factorial/translation/translated_007.json,901,c8b70e7b771da329597ede42cfefd08b9810b20afb7a715df8d402d6a9bb12dd,eligible
e002_coupler/artifacts/attempt_001/factorial/translation/translated_008.json,901,2a69fbc62e62ff62636f0d24d3e309d22f474c0d801a8599cf05d7c7e897cfbc,eligible
e002_coupler/artifacts/attempt_001/factorial/translation/translated_009.json,903,ecee40aea4f8ee1cab664c1b7091c1873b55055eefaf36eacd57700fdf96a190,eligible
e002_coupler/artifacts/attempt_001/factorial/translation/translated_010.json,902,1f31766a2eb338b62cfb1b8514b55d5f49e584d7fd2f4dc68139fc7579e44f4e,eligible
e002_coupler/artifacts/attempt_001/factorial/translation/translated_011.json,902,36857c70a79559e0e5150b44bd26f9165a0b911e1ae0d262d4077e20f98d0c83,eligible
e002_coupler/artifacts/attempt_001/factorial/translation/translated_012.json,901,b878f728c42ffa1e7a5fcd7ec4c378e1e7da406d854b64681dd52354954b8170,eligible
e002_coupler/artifacts/attempt_001/factorial/translation/translated_013.json,901,2562a5197d5b2dcd011d4e2524278e33e1fc25cc318b19b359e20d79e4be2e65,eligible
e002_coupler/artifacts/attempt_001/factorial/translation/translated_014.json,904,8130397d5d8bf127f091508eb03d0f3215ff198e75b87c0f3ead080b3c356308,eligible
e002_coupler/artifacts/attempt_001/factorial/translation/translated_015.json,903,7101f1332728a99c90ac700e33acba81b84e9880f0bf978c6b3636fd569de238,eligible
e002_coupler/artifacts/attempt_001/factorial/translation/translated_016.json,904,51293ea11443c03c261d77d6b2ecd6b6a0dd572a968ae8401a7dcc3a1fa98714,eligible
e002_coupler/artifacts/attempt_001/factorial/translation/translated_017.json,901,4d25b485262371aaa224c481c3ad9aa350af97f2a000074922a29719465d8291,eligible
e002_coupler/artifacts/attempt_001/factorial/translation/translated_018.json,903,73f9c99340575aaf6bb46a954b8e58f03230dfcf4b3b337b6a02a3ef7be1a24b,eligible
e002_coupler/artifacts/attempt_001/factorial/translation/translated_019.json,902,eb0d83610c338c841ce74c2d21a82778ce1a1f399098bfb2ce20350b51563f2d,eligible
e002_coupler/artifacts/attempt_001/factorial/translation/translated_020.json,900,7d0640bb4868dcf6c151ec5bd51f73e32fb87822d969545146fedd721ded0d9b,eligible
e002_coupler/artifacts/attempt_001/factorial/translation/translated_021.json,899,c816c51bb0f508f9e807b84fa7158f691f985e8b3e8e3d22a5a06463a708ad64,eligible
e002_coupler/artifacts/attempt_001/factorial/translation/translated_022.json,903,efc3cfd8305d8cbbb9d678c60ab23c4870dc9823a398aadd650ef24344b5c6f1,eligible
e002_coupler/artifacts/attempt_001/factorial/translation/translated_023.json,903,0cba1e3329921fb638584db6b0aaa80d518dd29e80f4f653059fd4eedf3ae025,eligible
e002_coupler/artifacts/attempt_001/factorial/translation/translated_024.json,902,882209d9a9170f945c01543711cd4f714ff23122d3eb34e70c71706fb866a97e,eligible
e002_coupler/artifacts/attempt_001/factorial/translation/translated_025.json,901,7fac8d674197f645f314e4bfce084099cacb20482e59a45c85397346b37f74aa,eligible
e002_coupler/artifacts/attempt_001/factorial/translation/translated_026.json,902,dd7c3ea6bab5eff9c29ef1542f6ff4ae917d636eb3e9918c4e7618fc75f35676,eligible
e002_coupler/artifacts/attempt_001/factorial/translation/translated_027.json,899,e9f86ed2f3b50103d364acabca7c4a18408b752d081aac79c4ccf0b36ac4643e,eligible
e002_coupler/artifacts/attempt_001/factorial/translation/translated_028.json,905,048f28a863d1391ae9c8ce2100e67d0f4873cdaab1c70d3f41e25bd03c75e393,eligible
e002_coupler/artifacts/attempt_001/factorial/translation/translated_029.json,905,45d1bf70ae19c69dba274f6efe15e6088ebb75699e28616d07b91145270fed3a,eligible
e002_coupler/artifacts/attempt_001/factorial/translation/translated_030.json,902,5a05558e2bd01e0efeadda7928cfaa4bacd121c8d5abe3acd6aee1d185acb85d,eligible
e002_coupler/artifacts/attempt_001/factorial/translation/translated_031.json,898,dba26563ea0eeb05de399b66f47fa5739d3db0e8c51be5a7a5a129c1ca747eea,eligible
e002_coupler/artifacts/attempt_001/figures/.gitkeep,1,01ba4719c80b6fe911b091a7c05124b64eeece964e09c058ef8f9805daca546b,eligible
e002_coupler/artifacts/attempt_001/figures/base_vs_corrected_delta_nll.png,30052,e020df2258930ee1217dcbe17ebe12bc6dbf7472daa454293d7670880a039836,eligible
e002_coupler/artifacts/attempt_001/figures/chart_map.json,1147,075956a65337bc022fc5d30be536cd0f05a67688ac22f9959190bb003d70bd57,eligible
e002_coupler/artifacts/attempt_001/figures/corrected_vs_shuffled.png,30875,3d46c778b5dd184c3b7b110cc516421bf846da56b44e01c1563db6b36b0fa89d,eligible
e002_coupler/artifacts/attempt_001/figures/correction_magnitude_by_layer.png,99820,f03657a86de1e40b61fc1092820f610a1b13e795c7141179f8f97b0f3c6f1d87,eligible
e002_coupler/artifacts/attempt_001/figures/factorial_condition_nll.png,40862,8772af626d4f709537e571925cc2ee6d97fa40bac7680e44dcf25cc186d36dcc,eligible
e002_coupler/artifacts/attempt_001/figures/factorial_interactions.png,46557,66d0f3043593083ab112a4256409fed35a13d1843419a634b48bf3868d876567,eligible
e002_coupler/artifacts/attempt_001/figures/native_context_recovery.png,35237,b5efcdeac58de1edc166bc07ecd2041156636ccf11754194d3a74e7fde5fdcaf,eligible
e002_coupler/artifacts/attempt_001/figures/source_vs_corrected.png,43370,7b7afef8224608c2fb305f2174878a6bbf6dc91203a813161f187b25352299bd,eligible
e002_coupler/artifacts/attempt_001/figures/state_repair_to_256_tokens.png,71656,068e827773d5c895df15d61a9b13adedd51fa6fdfe0f03e83df0496de4794fa2,eligible
e002_coupler/artifacts/attempt_001/figures/timing_breakdown.png,43105,d03159956fb2af44b14f374013691d5287b17f102dcb7d5b4627ef754efa1e5e,eligible
e002_coupler/artifacts/attempt_001/figures/verdict_summary.png,61544,47c79977765fe0cca95b0b3d98ec35286f1e267e6b8f803a811bcc0af1da6c5a,eligible
e002_coupler/artifacts/attempt_001/implementation/.gitkeep,1,01ba4719c80b6fe911b091a7c05124b64eeece964e09c058ef8f9805daca546b,eligible
e002_coupler/artifacts/attempt_001/implementation/e001_integrity.json,8961,a6a7ee9139064a447941e6b9398850a7823d4db33c5949bbca0d209ce6e3be77,eligible
e002_coupler/artifacts/attempt_001/implementation/final_integrity_audit.json,1120,509c80b6b88fb6f4521dfd3cb60ebeea0bd6206a6c93194faad65a20e07deeee,eligible
e002_coupler/artifacts/attempt_001/implementation/locked_path_smoke.json,1235,b799bac6dabf5a0e961e8016d5baa552e0d9ceda3ced62effabdbef902a12f89,eligible
e002_coupler/artifacts/attempt_001/implementation/prelocked_test_results.json,5197,56cad99f6f337e46ef21160cee7afe59cbda0aa1fa6e8a86a467aaff7754644e,eligible
e002_coupler/artifacts/attempt_001/implementation/prelocked_tests_final.xml,6908,9ce47501b3bb12cddb3e9782c72140b45a15b7d3939d5b5c31a8c9dc8e0fdf8c,eligible
e002_coupler/artifacts/attempt_001/implementation/prelocked_tests_final_2.xml,6908,8f13625bad6a953eac3b5cb4b45e9128040f84332320bfa54a4039770ee9ec91,eligible
e002_coupler/artifacts/attempt_001/implementation/same_model_restore_smoke.json,1109,3f20d065dc55b640835204d8d6de6f42e2f748e166c79f65c85b2e950a7532d4,eligible
e002_coupler/artifacts/attempt_001/long_context/.gitkeep,1,01ba4719c80b6fe911b091a7c05124b64eeece964e09c058ef8f9805daca546b,eligible
e002_coupler/artifacts/attempt_001/timing/.gitkeep,1,01ba4719c80b6fe911b091a7c05124b64eeece964e09c058ef8f9805daca546b,eligible
e002_coupler/artifacts/attempt_001/verdict/.gitkeep,1,01ba4719c80b6fe911b091a7c05124b64eeece964e09c058ef8f9805daca546b,eligible
e002_coupler/artifacts/attempt_001/verdict/4k_verdict.json,281,8bef6e4ed141c22dc3be995b8de193edc02ab9cfdcb07fb035dea8534f0879a5,eligible
e002_coupler/artifacts/attempt_001/verdict/RESULT.json,551668,1504a3058ec6beb30876829788871cdccb9d1c9bce87ce0da9d68196ffd2ab18,eligible
e002_coupler/artifacts/attempt_001/verdict/final_verdict.json,635,5b889c50fe8536ba30807056904cee8e6a1ceccf886ad446b3d105ad1036b066,eligible
e002_coupler/correction/__init__.py,54,f182a51dbe4a479a424392c941bacfa6baf8e87adecf9804b44eb67d60400017,eligible
e002_coupler/correction/losses.py,1088,98d2ba71adb0d4ddf79a76dc1b79bc9d451b3ede38ad582fc7c34621d2b1576d,eligible
e002_coupler/correction/model.py,11708,f3930803c991c505df09358a00b7cbf27a191b4d9bb8ad0ee338dac4a77a79be,eligible
e002_coupler/correction/serialization.py,3111,dad0c78435dd730f69d5e93c055da3dabd7479e90bcbf6fb871b7406fc5f6dec,eligible
e002_coupler/data/fit_correction/.gitkeep,1,01ba4719c80b6fe911b091a7c05124b64eeece964e09c058ef8f9805daca546b,eligible
e002_coupler/data/fit_correction/reference.json,300,9adb54ff3bf756283ab461f70acbe38e37e2c81db7b806fb8ac2fccbae974afc,eligible
e002_coupler/data/locked/.gitkeep,1,01ba4719c80b6fe911b091a7c05124b64eeece964e09c058ef8f9805daca546b,eligible
e002_coupler/data/locked/manifest.jsonl,1319606,ac0b4db6065f5960e0d2bd7cf321f716fb16b9ae8026b12528c45f619398e524,eligible
e002_coupler/data/locked/selection.json,1497,e23db4e65dbd4e9b16ea54dcb30cb14784db5db6a63cbb973bf6610859003e25,eligible
e002_coupler/data/long/.gitkeep,1,01ba4719c80b6fe911b091a7c05124b64eeece964e09c058ef8f9805daca546b,eligible
e002_coupler/data/long/manifest.jsonl,1208277,7bbe94629ac8d2363c145e4d278e6c8a085486107ae9506ecaabc4a1b334bc2b,eligible
e002_coupler/data/validation_correction/.gitkeep,1,01ba4719c80b6fe911b091a7c05124b64eeece964e09c058ef8f9805daca546b,eligible
e002_coupler/data/validation_correction/reference.json,313,461db1ae43554ecc613e9b3e1ee2fcc90e26259004d8d5a1add43f4ee02c6d17,eligible
e002_coupler/data/validation_factorial/.gitkeep,1,01ba4719c80b6fe911b091a7c05124b64eeece964e09c058ef8f9805daca546b,eligible
e002_coupler/data/validation_factorial/manifest.jsonl,632618,7c94d12f0e528d7c8206eb6780ca52d79ce16bd465e58bf344e95406975ce6f2,eligible
e002_coupler/data/validation_factorial/selection.json,787,7cfa6a087df5d37a81ec3e510d2b1d1cb2e1736a97d5b42568f3b7dfdff97d92,eligible
e002_coupler/factorial/__init__.py,55,62a7f1dfc84a24f2fe2676fe7a680750008cc9617c174053534632807640def7,eligible
e002_coupler/factorial/composer.py,2712,70c3a9e11686176b7dd90495555fd568958b623416391a9f13fe2b358abde301,eligible
e002_coupler/reuse/e001_refs.json,3303,18e02bd3689271f2ad0ede46d5d4397881541da0ae7315b85968451811dc44b3,eligible
e002_coupler/runtime/__init__.py,48,401ceeebacb999df17831cda774b1110f576f71ddbe5b0373ecd812cce5e5c53,eligible
e002_coupler/runtime/console_summary.py,4013,0f2b16ff262ade3626ed0d0aa83f1cc54754f684ea99954cc40cea99a64784ec,eligible
e002_coupler/runtime/constants.py,1153,f5a45586d96bcf6020a7ab9eba68c3189a2dc220f1616015f5993c9d6c4f69c3,eligible
e002_coupler/runtime/data_manifests.py,12192,11e0eb46314b70b0e48ae92c6cf555accba4732c25fabd6bf0ca1234571b5e54,eligible
e002_coupler/runtime/factorial_run.py,12252,b20590b74c3d15070d4fc56b0690cbf13f4a18aa90a48a3b1c117cf2d22ade3c,eligible
e002_coupler/runtime/final_audit.py,4094,106718e17cae0137c5dec0f4f66759751aecfae4bcd379d491f5e641d31588fc,eligible
e002_coupler/runtime/final_manifest.py,2730,9bfdacbf332830e78c7253a350dcd58a42761f4f09477a5991ed929dbe0a345b,eligible
e002_coupler/runtime/freeze_manifest.py,5012,35c192acddcfb152478c16e16a6346aef0b6c86efea61e93038f6771f592dc27,eligible
e002_coupler/runtime/install.py,2415,ad2cda4990321286d45e36b248c9f75dbff86b5a808d95dd95511ecd9300b2b5,eligible
e002_coupler/runtime/integrity.py,8037,46bee063cc089879851270f8ba4b87eeabb0cedc9ff9c04a28bfa2abae7c9b38,eligible
e002_coupler/runtime/lock_guard.py,2802,da3e1a4a3adbb1f838ef2da0f6c0b8e9d0e3bc190b16f9c3919916984e945b6e,eligible
e002_coupler/runtime/locked_path_smoke.py,5766,bb27254a268c9e411015ac26d2cadc07a81645338a60c6d6c6f302fca043f7ab,eligible
e002_coupler/runtime/locked_run.py,26346,b2b022361341ec7fe092617ead1bcb50c702e89fb6bad7e74d9c04b6d5f44f0d,eligible
e002_coupler/runtime/long_run.py,11028,d25adad464c0e2eb918e8a1947114079a627d82095b4051b1537b8424ee0aaee,eligible
e002_coupler/runtime/postverdict_ablations.py,6153,b6f8346d539f0c40fff222165bae2ccd7e9d51e2785ca66868b45a10d80d979c,eligible
e002_coupler/runtime/prepare_correction.py,10354,aebc19181d362ff93bd4a9d5e6536cc571e133f67d79371950b47cf73a3c965a,eligible
e002_coupler/runtime/run_prelocked_tests.py,2212,bbb9689012e7152ecf6783b9464cb142a07543493a62abd21fd49c7cd8b7419f,eligible
e002_coupler/runtime/scoring.py,3078,aeedd7586e7fe185f335b303b6febb5751305869ff82c24be90c42a6e610a460,eligible
e002_coupler/runtime/smoke.py,8196,ba74ca720d8a2df7e0bc92a22e09c65f01ecf3e67223e70a68b784dd2cd2f6f2,eligible
e002_coupler/runtime/state_io.py,2095,de90b452595da78ad9c2157875b6d1744d9b91104143f3a03afc24a7e1edb2c3,eligible
e002_coupler/runtime/train_correction.py,15373,759fe438b49da63a3ec24cd50e642d407b89884b45024bbdbbe2a5ab5cb1b95c,eligible
e002_coupler/tests/__init__.py,34,7424b5377ca20e7521a071a7fb16b324c427a3b8c06f29577f79e4d58c078509,eligible
e002_coupler/tests/test_prelocked.py,14844,ec34c5e3319d097766c81439015c472f0641e4797dc55fac80b14f7f6bf93a8d,eligible
