path,bytes,sha256,provenance
e001_handoff/artifacts/attempt_001/locked/raw_evidence.jsonl,16577489,1639038217b9bb376de33be57ab624e083a093a45dc5a5f8749b565247c9e546,owner-supplied E001/E002 archive; exact existing FINAL_ARTIFACT_MANIFEST match
e001_handoff/artifacts/attempt_001/locked/derived_statistics.json,53849,725f5eddacd78097852a8d712e4e93f62ce854fb2f1b76d05d657fb380ebfb52,owner-supplied E001/E002 archive; exact existing FINAL_ARTIFACT_MANIFEST match
e001_handoff/artifacts/attempt_001/locked/per_document_metrics.csv,12132,6538fa8cd8b57e89e442cc778277069ea20c30a798d031c712630d62e6596f94,owner-supplied E001/E002 archive; exact existing FINAL_ARTIFACT_MANIFEST match
e001_handoff/artifacts/attempt_001/locked/locked_execution.json,926,0bf955dadc0d6e4130b2a0857cd84e699492cc401d228c0c93d551c7a547d092,owner-supplied E001/E002 archive; exact existing FINAL_ARTIFACT_MANIFEST match
e001_handoff/artifacts/attempt_001/locked/LOCKED_RUN_STARTED.json,277,d281684e39dec4c9122f045cb08933500f20a5c1dcba3fb0d44105d6e1db3718,owner-supplied E001/E002 archive; exact existing FINAL_ARTIFACT_MANIFEST match
e002_coupler/artifacts/attempt_001/locked/raw_evidence.jsonl,41118241,a189c454a4f52a8ceb03ec09e0e109efa139ce01225a472c59a70148acd0c629,owner-supplied E001/E002 archive; exact existing FINAL_ARTIFACT_MANIFEST match
e002_coupler/artifacts/attempt_001/locked/locked_metrics.json,550197,8a2b2aff4719534395c4d75aff1dc6a3703bf0f154ede361a02c301c048ad40a,owner-supplied E001/E002 archive; exact existing FINAL_ARTIFACT_MANIFEST match
e002_coupler/artifacts/attempt_001/locked/locked_execution.json,1046,48f269c485f2745acfd22310e7655c9966ad6d986c36b16f8af832efcf71db30,owner-supplied E001/E002 archive; exact existing FINAL_ARTIFACT_MANIFEST match
e002_coupler/artifacts/attempt_001/fit/correction_selection.json,274534,76e658211aaf933922dbe1b1e714eef7877db996831e18d61a3c6d9674f5f62c,owner-supplied E001/E002 archive; exact existing FINAL_ARTIFACT_MANIFEST match
